{"Date": "27/04/2022", "Time": "21:36:18", "Name": "base_cnn_256", "History": {"loss": [0.9674462080001831, 0.7028080224990845, 0.4977436065673828, 0.34125104546546936, 0.24277383089065552, 0.19016225636005402, 0.15446309745311737, 0.14023947715759277, 0.12380378693342209, 0.11464828997850418], "accuracy": [0.5140045285224915, 0.6867902874946594, 0.7967448830604553, 0.8697956204414368, 0.9046177268028259, 0.9199470281600952, 0.9309235215187073, 0.9388720393180847, 0.9449281096458435, 0.9466313123703003], "val_loss": [0.8445767760276794, 0.6916148066520691, 0.6563894152641296, 0.7394701242446899, 0.7962210774421692, 0.8256182074546814, 0.9187813401222229, 0.9313855171203613, 0.997933566570282, 1.0436128377914429], "val_accuracy": [0.5794250965118408, 0.6853252649307251, 0.7178517580032349, 0.6981845498085022, 0.7034795880317688, 0.7019667029380798, 0.6921331286430359, 0.6959152817726135, 0.7034795880317688, 0.6974281668663025]}, "Model": "{\"class_name\": \"Sequential\", \"config\": {\"name\": \"base_cnn_256\", \"layers\": [{\"class_name\": \"InputLayer\", \"config\": {\"batch_input_shape\": [null, 500], \"dtype\": \"float32\", \"sparse\": false, \"ragged\": false, \"name\": \"embedding_8_input\"}}, {\"class_name\": \"Embedding\", \"config\": {\"name\": \"embedding_8\", \"trainable\": true, \"batch_input_shape\": [null, 500], \"dtype\": \"float32\", \"input_dim\": 37237, \"output_dim\": 30, \"embeddings_initializer\": {\"class_name\": \"RandomUniform\", \"config\": {\"minval\": -0.05, \"maxval\": 0.05, \"seed\": null}}, \"embeddings_regularizer\": null, \"activity_regularizer\": null, \"embeddings_constraint\": null, \"mask_zero\": false, \"input_length\": 500}}, {\"class_name\": \"Conv1D\", \"config\": {\"name\": \"conv1d_8\", \"trainable\": true, \"dtype\": \"float32\", \"filters\": 256, \"kernel_size\": [3], \"strides\": [1], \"padding\": \"valid\", \"data_format\": \"channels_last\", \"dilation_rate\": [1], \"groups\": 1, \"activation\": \"relu\", \"use_bias\": true, \"kernel_initializer\": {\"class_name\": \"GlorotUniform\", \"config\": {\"seed\": null}}, \"bias_initializer\": {\"class_name\": \"Zeros\", \"config\": {}}, \"kernel_regularizer\": null, \"bias_regularizer\": null, \"activity_regularizer\": null, \"kernel_constraint\": null, \"bias_constraint\": null}}, {\"class_name\": \"GlobalMaxPooling1D\", \"config\": {\"name\": \"global_max_pooling1d_8\", \"trainable\": true, \"dtype\": \"float32\", \"data_format\": \"channels_last\", \"keepdims\": false}}, {\"class_name\": \"Dense\", \"config\": {\"name\": \"dense_8\", \"trainable\": true, \"dtype\": \"float32\", \"units\": 3, \"activation\": \"softmax\", \"use_bias\": true, \"kernel_initializer\": {\"class_name\": \"GlorotUniform\", \"config\": {\"seed\": null}}, \"bias_initializer\": {\"class_name\": \"Zeros\", \"config\": {}}, \"kernel_regularizer\": null, \"bias_regularizer\": null, \"activity_regularizer\": null, \"kernel_constraint\": null, \"bias_constraint\": null}}]}, \"keras_version\": \"2.8.0\", \"backend\": \"tensorflow\"}", "Vocab size": 37237, "Embedding size": 30, "Max words": 500, "Epochs": 10, "Validation split:": 0.2, "Training time": 62.20265340805054}