{"Date": "27/04/2022", "Time": "13:26:44", "Name": "base_cnn_128", "History": {"loss": [0.9723421335220337, 0.7292934656143188, 0.5298043489456177, 0.3741735517978668, 0.2614491283893585, 0.1994217038154602, 0.16490191221237183, 0.14248540997505188, 0.12690603733062744, 0.11996836960315704], "accuracy": [0.4968861937522888, 0.6767314672470093, 0.7924136519432068, 0.8567654490470886, 0.9046990275382996, 0.9167767763137817, 0.9280996322631836, 0.9373466968536377, 0.9433855414390564, 0.9460275769233704], "val_loss": [0.8833227157592773, 0.7199170589447021, 0.6701127290725708, 0.6881967186927795, 0.7527258992195129, 0.8230223059654236, 0.8356106281280518, 0.8868538737297058, 0.9265900254249573, 0.9656153321266174], "val_accuracy": [0.5584905743598938, 0.6747170090675354, 0.6815094351768494, 0.699622631072998, 0.700377345085144, 0.6807547211647034, 0.6920754909515381, 0.6913207769393921, 0.6943396329879761, 0.6898113489151001]}, "Model": "{\"class_name\": \"Sequential\", \"config\": {\"name\": \"base_cnn_128\", \"layers\": [{\"class_name\": \"InputLayer\", \"config\": {\"batch_input_shape\": [null, 500], \"dtype\": \"float32\", \"sparse\": false, \"ragged\": false, \"name\": \"embedding_125_input\"}}, {\"class_name\": \"Embedding\", \"config\": {\"name\": \"embedding_125\", \"trainable\": true, \"batch_input_shape\": [null, 500], \"dtype\": \"float32\", \"input_dim\": 37433, \"output_dim\": 30, \"embeddings_initializer\": {\"class_name\": \"RandomUniform\", \"config\": {\"minval\": -0.05, \"maxval\": 0.05, \"seed\": null}}, \"embeddings_regularizer\": null, \"activity_regularizer\": null, \"embeddings_constraint\": null, \"mask_zero\": false, \"input_length\": 500}}, {\"class_name\": \"Conv1D\", \"config\": {\"name\": \"conv1d_100\", \"trainable\": true, \"dtype\": \"float32\", \"filters\": 128, \"kernel_size\": [3], \"strides\": [1], \"padding\": \"valid\", \"data_format\": \"channels_last\", \"dilation_rate\": [1], \"groups\": 1, \"activation\": \"relu\", \"use_bias\": true, \"kernel_initializer\": {\"class_name\": \"GlorotUniform\", \"config\": {\"seed\": null}}, \"bias_initializer\": {\"class_name\": \"Zeros\", \"config\": {}}, \"kernel_regularizer\": null, \"bias_regularizer\": null, \"activity_regularizer\": null, \"kernel_constraint\": null, \"bias_constraint\": null}}, {\"class_name\": \"GlobalMaxPooling1D\", \"config\": {\"name\": \"global_max_pooling1d_98\", \"trainable\": true, \"dtype\": \"float32\", \"data_format\": \"channels_last\", \"keepdims\": false}}, {\"class_name\": \"Dense\", \"config\": {\"name\": \"dense_172\", \"trainable\": true, \"dtype\": \"float32\", \"units\": 3, \"activation\": \"softmax\", \"use_bias\": true, \"kernel_initializer\": {\"class_name\": \"GlorotUniform\", \"config\": {\"seed\": null}}, \"bias_initializer\": {\"class_name\": \"Zeros\", \"config\": {}}, \"kernel_regularizer\": null, \"bias_regularizer\": null, \"activity_regularizer\": null, \"kernel_constraint\": null, \"bias_constraint\": null}}]}, \"keras_version\": \"2.8.0\", \"backend\": \"tensorflow\"}", "Vocab size": 37433, "Embedding size": 30, "Max words": 500, "Epochs": 10, "Validation split:": 0.2, "Training time": 40.02261304855347}