{"Date": "27/04/2022", "Time": "13:26:04", "Name": "base_cnn_64", "History": {"loss": [0.9831101894378662, 0.737117350101471, 0.5456474423408508, 0.3898611068725586, 0.27827969193458557, 0.21205097436904907, 0.17466770112514496, 0.15104623138904572, 0.13877986371517181, 0.13186463713645935], "accuracy": [0.5017927885055542, 0.6752217411994934, 0.7886393666267395, 0.8635591864585876, 0.9052651524543762, 0.9207397699356079, 0.9294206500053406, 0.9352707862854004, 0.9360256791114807, 0.9420645236968994], "val_loss": [0.8886080384254456, 0.7267627716064453, 0.6650691628456116, 0.6635537147521973, 0.6908475160598755, 0.7427062392234802, 0.7698203325271606, 0.8426306247711182, 0.8454329967498779, 0.8669356107711792], "val_accuracy": [0.5607547163963318, 0.6596226692199707, 0.6920754909515381, 0.7124528288841248, 0.7116981148719788, 0.7056604027748108, 0.7124528288841248, 0.698113203048706, 0.701886773109436, 0.7086792588233948]}, "Model": "{\"class_name\": \"Sequential\", \"config\": {\"name\": \"base_cnn_64\", \"layers\": [{\"class_name\": \"InputLayer\", \"config\": {\"batch_input_shape\": [null, 500], \"dtype\": \"float32\", \"sparse\": false, \"ragged\": false, \"name\": \"embedding_124_input\"}}, {\"class_name\": \"Embedding\", \"config\": {\"name\": \"embedding_124\", \"trainable\": true, \"batch_input_shape\": [null, 500], \"dtype\": \"float32\", \"input_dim\": 37433, \"output_dim\": 30, \"embeddings_initializer\": {\"class_name\": \"RandomUniform\", \"config\": {\"minval\": -0.05, \"maxval\": 0.05, \"seed\": null}}, \"embeddings_regularizer\": null, \"activity_regularizer\": null, \"embeddings_constraint\": null, \"mask_zero\": false, \"input_length\": 500}}, {\"class_name\": \"Conv1D\", \"config\": {\"name\": \"conv1d_99\", \"trainable\": true, \"dtype\": \"float32\", \"filters\": 64, \"kernel_size\": [3], \"strides\": [1], \"padding\": \"valid\", \"data_format\": \"channels_last\", \"dilation_rate\": [1], \"groups\": 1, \"activation\": \"relu\", \"use_bias\": true, \"kernel_initializer\": {\"class_name\": \"GlorotUniform\", \"config\": {\"seed\": null}}, \"bias_initializer\": {\"class_name\": \"Zeros\", \"config\": {}}, \"kernel_regularizer\": null, \"bias_regularizer\": null, \"activity_regularizer\": null, \"kernel_constraint\": null, \"bias_constraint\": null}}, {\"class_name\": \"GlobalMaxPooling1D\", \"config\": {\"name\": \"global_max_pooling1d_97\", \"trainable\": true, \"dtype\": \"float32\", \"data_format\": \"channels_last\", \"keepdims\": false}}, {\"class_name\": \"Dense\", \"config\": {\"name\": \"dense_171\", \"trainable\": true, \"dtype\": \"float32\", \"units\": 3, \"activation\": \"softmax\", \"use_bias\": true, \"kernel_initializer\": {\"class_name\": \"GlorotUniform\", \"config\": {\"seed\": null}}, \"bias_initializer\": {\"class_name\": \"Zeros\", \"config\": {}}, \"kernel_regularizer\": null, \"bias_regularizer\": null, \"activity_regularizer\": null, \"kernel_constraint\": null, \"bias_constraint\": null}}]}, \"keras_version\": \"2.8.0\", \"backend\": \"tensorflow\"}", "Vocab size": 37433, "Embedding size": 30, "Max words": 500, "Epochs": 10, "Validation split:": 0.2, "Training time": 29.637773513793945}