{"Date": "27/04/2022", "Time": "13:27:47", "Name": "base_cnn_256", "History": {"loss": [0.9616037011146545, 0.6950212717056274, 0.47815215587615967, 0.3162001967430115, 0.22195489704608917, 0.17269094288349152, 0.1439690738916397, 0.1310071051120758, 0.1242205873131752, 0.11366583406925201], "accuracy": [0.5153802633285522, 0.6952255368232727, 0.812606155872345, 0.876957893371582, 0.9158331751823425, 0.9280996322631836, 0.9373466968536377, 0.9405547976493835, 0.9407435655593872, 0.9441403746604919], "val_loss": [0.8281164169311523, 0.6852757334709167, 0.6882253289222717, 0.7409772276878357, 0.8443235158920288, 0.9245498776435852, 0.9562748670578003, 1.0264557600021362, 1.0470099449157715, 1.09646737575531], "val_accuracy": [0.5924528241157532, 0.6920754909515381, 0.7049056887626648, 0.702641487121582, 0.6920754909515381, 0.6792452931404114, 0.6943396329879761, 0.6860377192497253, 0.6966037750244141, 0.6837735772132874]}, "Model": "{\"class_name\": \"Sequential\", \"config\": {\"name\": \"base_cnn_256\", \"layers\": [{\"class_name\": \"InputLayer\", \"config\": {\"batch_input_shape\": [null, 500], \"dtype\": \"float32\", \"sparse\": false, \"ragged\": false, \"name\": \"embedding_126_input\"}}, {\"class_name\": \"Embedding\", \"config\": {\"name\": \"embedding_126\", \"trainable\": true, \"batch_input_shape\": [null, 500], \"dtype\": \"float32\", \"input_dim\": 37433, \"output_dim\": 30, \"embeddings_initializer\": {\"class_name\": \"RandomUniform\", \"config\": {\"minval\": -0.05, \"maxval\": 0.05, \"seed\": null}}, \"embeddings_regularizer\": null, \"activity_regularizer\": null, \"embeddings_constraint\": null, \"mask_zero\": false, \"input_length\": 500}}, {\"class_name\": \"Conv1D\", \"config\": {\"name\": \"conv1d_101\", \"trainable\": true, \"dtype\": \"float32\", \"filters\": 256, \"kernel_size\": [3], \"strides\": [1], \"padding\": \"valid\", \"data_format\": \"channels_last\", \"dilation_rate\": [1], \"groups\": 1, \"activation\": \"relu\", \"use_bias\": true, \"kernel_initializer\": {\"class_name\": \"GlorotUniform\", \"config\": {\"seed\": null}}, \"bias_initializer\": {\"class_name\": \"Zeros\", \"config\": {}}, \"kernel_regularizer\": null, \"bias_regularizer\": null, \"activity_regularizer\": null, \"kernel_constraint\": null, \"bias_constraint\": null}}, {\"class_name\": \"GlobalMaxPooling1D\", \"config\": {\"name\": \"global_max_pooling1d_99\", \"trainable\": true, \"dtype\": \"float32\", \"data_format\": \"channels_last\", \"keepdims\": false}}, {\"class_name\": \"Dense\", \"config\": {\"name\": \"dense_173\", \"trainable\": true, \"dtype\": \"float32\", \"units\": 3, \"activation\": \"softmax\", \"use_bias\": true, \"kernel_initializer\": {\"class_name\": \"GlorotUniform\", \"config\": {\"seed\": null}}, \"bias_initializer\": {\"class_name\": \"Zeros\", \"config\": {}}, \"kernel_regularizer\": null, \"bias_regularizer\": null, \"activity_regularizer\": null, \"kernel_constraint\": null, \"bias_constraint\": null}}]}, \"keras_version\": \"2.8.0\", \"backend\": \"tensorflow\"}", "Vocab size": 37433, "Embedding size": 30, "Max words": 500, "Epochs": 10, "Validation split:": 0.2, "Training time": 62.05633902549744}