{"Date": "27/04/2022", "Time": "15:48:48", "Name": "base_lstm_128", "History": {"loss": [1.0729774236679077, 1.042274832725525, 1.0372024774551392, 1.0334293842315674, 1.0305670499801636, 1.0303503274917603, 1.0289006233215332, 1.025185465812683, 1.0263766050338745, 1.024975061416626], "accuracy": [0.4200792610645294, 0.45159465074539185, 0.46555954217910767, 0.46801283955574036, 0.46593695878982544, 0.47159841656684875, 0.47178712487220764, 0.47631627321243286, 0.47537270188331604, 0.4757501482963562], "val_loss": [1.0223087072372437, 1.021529197692871, 1.0227446556091309, 1.0294603109359741, 1.0264475345611572, 1.0212081670761108, 1.0236570835113525, 1.0244369506835938, 1.0232598781585693, 1.021043062210083], "val_accuracy": [0.4573584794998169, 0.4573584794998169, 0.4573584794998169, 0.4573584794998169, 0.4573584794998169, 0.4573584794998169, 0.4573584794998169, 0.4573584794998169, 0.4573584794998169, 0.4573584794998169]}, "Model": "{\"class_name\": \"Sequential\", \"config\": {\"name\": \"base_lstm_128\", \"layers\": [{\"class_name\": \"InputLayer\", \"config\": {\"batch_input_shape\": [null, 500], \"dtype\": \"float32\", \"sparse\": false, \"ragged\": false, \"name\": \"embedding_154_input\"}}, {\"class_name\": \"Embedding\", \"config\": {\"name\": \"embedding_154\", \"trainable\": true, \"batch_input_shape\": [null, 500], \"dtype\": \"float32\", \"input_dim\": 37433, \"output_dim\": 30, \"embeddings_initializer\": {\"class_name\": \"RandomUniform\", \"config\": {\"minval\": -0.05, \"maxval\": 0.05, \"seed\": null}}, \"embeddings_regularizer\": null, \"activity_regularizer\": null, \"embeddings_constraint\": null, \"mask_zero\": false, \"input_length\": 500}}, {\"class_name\": \"LSTM\", \"config\": {\"name\": \"lstm_13\", \"trainable\": true, \"dtype\": \"float32\", \"return_sequences\": false, \"return_state\": false, \"go_backwards\": false, \"stateful\": false, \"unroll\": false, \"time_major\": false, \"units\": 128, \"activation\": \"tanh\", \"recurrent_activation\": \"sigmoid\", \"use_bias\": true, \"kernel_initializer\": {\"class_name\": \"GlorotUniform\", \"config\": {\"seed\": null}}, \"recurrent_initializer\": {\"class_name\": \"Orthogonal\", \"config\": {\"gain\": 1.0, \"seed\": null}}, \"bias_initializer\": {\"class_name\": \"Zeros\", \"config\": {}}, \"unit_forget_bias\": true, \"kernel_regularizer\": null, \"recurrent_regularizer\": null, \"bias_regularizer\": null, \"activity_regularizer\": null, \"kernel_constraint\": null, \"recurrent_constraint\": null, \"bias_constraint\": null, \"dropout\": 0.0, \"recurrent_dropout\": 0.0, \"implementation\": 2}}, {\"class_name\": \"Dropout\", \"config\": {\"name\": \"dropout_196\", \"trainable\": true, \"dtype\": \"float32\", \"rate\": 0.5, \"noise_shape\": null, \"seed\": null}}, {\"class_name\": \"BatchNormalization\", \"config\": {\"name\": \"batch_normalization_123\", \"trainable\": true, \"dtype\": \"float32\", \"axis\": [1], \"momentum\": 0.99, \"epsilon\": 0.001, \"center\": true, \"scale\": true, \"beta_initializer\": {\"class_name\": \"Zeros\", \"config\": {}}, \"gamma_initializer\": {\"class_name\": \"Ones\", \"config\": {}}, \"moving_mean_initializer\": {\"class_name\": \"Zeros\", \"config\": {}}, \"moving_variance_initializer\": {\"class_name\": \"Ones\", \"config\": {}}, \"beta_regularizer\": null, \"gamma_regularizer\": null, \"beta_constraint\": null, \"gamma_constraint\": null}}, {\"class_name\": \"Dropout\", \"config\": {\"name\": \"dropout_197\", \"trainable\": true, \"dtype\": \"float32\", \"rate\": 0.5, \"noise_shape\": null, \"seed\": null}}, {\"class_name\": \"Dense\", \"config\": {\"name\": \"dense_215\", \"trainable\": true, \"dtype\": \"float32\", \"units\": 3, \"activation\": \"softmax\", \"use_bias\": true, \"kernel_initializer\": {\"class_name\": \"GlorotUniform\", \"config\": {\"seed\": null}}, \"bias_initializer\": {\"class_name\": \"Zeros\", \"config\": {}}, \"kernel_regularizer\": null, \"bias_regularizer\": null, \"activity_regularizer\": null, \"kernel_constraint\": null, \"bias_constraint\": null}}]}, \"keras_version\": \"2.8.0\", \"backend\": \"tensorflow\"}", "Vocab size": 37433, "Embedding size": 30, "Max words": 500, "Epochs": 10, "Validation split:": 0.2, "Training time": 491.5622043609619}