{"Date": "27/04/2022", "Time": "10:29:43", "Name": "base_cnn_256", "History": {"loss": [0.95491623878479, 0.7038683295249939, 0.4937049150466919, 0.33340999484062195, 0.23764874041080475, 0.18464452028274536, 0.15285328030586243, 0.1381828635931015, 0.12744618952274323, 0.11818939447402954], "accuracy": [0.5136818289756775, 0.6942819356918335, 0.7999622821807861, 0.8756369352340698, 0.9046990275382996, 0.924891471862793, 0.9314965009689331, 0.9379128217697144, 0.9392338395118713, 0.9399886727333069], "val_loss": [0.8637347221374512, 0.7013415098190308, 0.6782896518707275, 0.7201846241950989, 0.7802304029464722, 0.8736087679862976, 0.9203076362609863, 0.9606759548187256, 1.0444505214691162, 1.0415372848510742], "val_accuracy": [0.5630188584327698, 0.6686792373657227, 0.70113205909729, 0.703396201133728, 0.7056604027748108, 0.699622631072998, 0.6950943470001221, 0.6966037750244141, 0.6875471472740173, 0.6950943470001221]}, "Model": "{\"class_name\": \"Sequential\", \"config\": {\"name\": \"base_cnn_256\", \"layers\": [{\"class_name\": \"InputLayer\", \"config\": {\"batch_input_shape\": [null, 500], \"dtype\": \"float32\", \"sparse\": false, \"ragged\": false, \"name\": \"embedding_50_input\"}}, {\"class_name\": \"Embedding\", \"config\": {\"name\": \"embedding_50\", \"trainable\": true, \"batch_input_shape\": [null, 500], \"dtype\": \"float32\", \"input_dim\": 37433, \"output_dim\": 30, \"embeddings_initializer\": {\"class_name\": \"RandomUniform\", \"config\": {\"minval\": -0.05, \"maxval\": 0.05, \"seed\": null}}, \"embeddings_regularizer\": null, \"activity_regularizer\": null, \"embeddings_constraint\": null, \"mask_zero\": false, \"input_length\": 500}}, {\"class_name\": \"Conv1D\", \"config\": {\"name\": \"conv1d_24\", \"trainable\": true, \"dtype\": \"float32\", \"filters\": 256, \"kernel_size\": [3], \"strides\": [1], \"padding\": \"valid\", \"data_format\": \"channels_last\", \"dilation_rate\": [1], \"groups\": 1, \"activation\": \"relu\", \"use_bias\": true, \"kernel_initializer\": {\"class_name\": \"GlorotUniform\", \"config\": {\"seed\": null}}, \"bias_initializer\": {\"class_name\": \"Zeros\", \"config\": {}}, \"kernel_regularizer\": null, \"bias_regularizer\": null, \"activity_regularizer\": null, \"kernel_constraint\": null, \"bias_constraint\": null}}, {\"class_name\": \"GlobalMaxPooling1D\", \"config\": {\"name\": \"global_max_pooling1d_24\", \"trainable\": true, \"dtype\": \"float32\", \"data_format\": \"channels_last\", \"keepdims\": false}}, {\"class_name\": \"Dense\", \"config\": {\"name\": \"dense_50\", \"trainable\": true, \"dtype\": \"float32\", \"units\": 3, \"activation\": \"softmax\", \"use_bias\": true, \"kernel_initializer\": {\"class_name\": \"GlorotUniform\", \"config\": {\"seed\": null}}, \"bias_initializer\": {\"class_name\": \"Zeros\", \"config\": {}}, \"kernel_regularizer\": null, \"bias_regularizer\": null, \"activity_regularizer\": null, \"kernel_constraint\": null, \"bias_constraint\": null}}]}, \"keras_version\": \"2.8.0\", \"backend\": \"tensorflow\"}", "Vocab size": 37433, "Embedding size": 30, "Max words": 500, "Epochs": 10, "Validation split:": 0.2, "Training time": 62.67266249656677}