{"Date": "27/04/2022", "Time": "10:31:33", "Name": "base_cnn_512", "History": {"loss": [0.9565097093582153, 0.6604329943656921, 0.44336897134780884, 0.2920243740081787, 0.20588693022727966, 0.17080169916152954, 0.14880847930908203, 0.13283535838127136, 0.1224704459309578, 0.1132442057132721], "accuracy": [0.5127382278442383, 0.710133969783783, 0.8237403035163879, 0.8858275413513184, 0.9177203178405762, 0.9279109239578247, 0.9324401021003723, 0.9373466968536377, 0.942441999912262, 0.9469711184501648], "val_loss": [0.809747576713562, 0.6853641271591187, 0.6877267956733704, 0.8011742830276489, 0.85374915599823, 0.922864556312561, 0.9940597414970398, 1.0133827924728394, 1.0509257316589355, 1.0790715217590332], "val_accuracy": [0.6150943636894226, 0.6815094351768494, 0.7147169709205627, 0.6875471472740173, 0.6943396329879761, 0.6905660629272461, 0.6830188632011414, 0.6852830052375793, 0.6860377192497253, 0.6920754909515381]}, "Model": "{\"class_name\": \"Sequential\", \"config\": {\"name\": \"base_cnn_512\", \"layers\": [{\"class_name\": \"InputLayer\", \"config\": {\"batch_input_shape\": [null, 500], \"dtype\": \"float32\", \"sparse\": false, \"ragged\": false, \"name\": \"embedding_51_input\"}}, {\"class_name\": \"Embedding\", \"config\": {\"name\": \"embedding_51\", \"trainable\": true, \"batch_input_shape\": [null, 500], \"dtype\": \"float32\", \"input_dim\": 37433, \"output_dim\": 30, \"embeddings_initializer\": {\"class_name\": \"RandomUniform\", \"config\": {\"minval\": -0.05, \"maxval\": 0.05, \"seed\": null}}, \"embeddings_regularizer\": null, \"activity_regularizer\": null, \"embeddings_constraint\": null, \"mask_zero\": false, \"input_length\": 500}}, {\"class_name\": \"Conv1D\", \"config\": {\"name\": \"conv1d_25\", \"trainable\": true, \"dtype\": \"float32\", \"filters\": 512, \"kernel_size\": [3], \"strides\": [1], \"padding\": \"valid\", \"data_format\": \"channels_last\", \"dilation_rate\": [1], \"groups\": 1, \"activation\": \"relu\", \"use_bias\": true, \"kernel_initializer\": {\"class_name\": \"GlorotUniform\", \"config\": {\"seed\": null}}, \"bias_initializer\": {\"class_name\": \"Zeros\", \"config\": {}}, \"kernel_regularizer\": null, \"bias_regularizer\": null, \"activity_regularizer\": null, \"kernel_constraint\": null, \"bias_constraint\": null}}, {\"class_name\": \"GlobalMaxPooling1D\", \"config\": {\"name\": \"global_max_pooling1d_25\", \"trainable\": true, \"dtype\": \"float32\", \"data_format\": \"channels_last\", \"keepdims\": false}}, {\"class_name\": \"Dense\", \"config\": {\"name\": \"dense_51\", \"trainable\": true, \"dtype\": \"float32\", \"units\": 3, \"activation\": \"softmax\", \"use_bias\": true, \"kernel_initializer\": {\"class_name\": \"GlorotUniform\", \"config\": {\"seed\": null}}, \"bias_initializer\": {\"class_name\": \"Zeros\", \"config\": {}}, \"kernel_regularizer\": null, \"bias_regularizer\": null, \"activity_regularizer\": null, \"kernel_constraint\": null, \"bias_constraint\": null}}]}, \"keras_version\": \"2.8.0\", \"backend\": \"tensorflow\"}", "Vocab size": 37433, "Embedding size": 30, "Max words": 500, "Epochs": 10, "Validation split:": 0.2, "Training time": 109.85380744934082}