{"Date": "27/04/2022", "Time": "17:48:41", "Name": "base_lstm_32", "History": {"loss": [1.094703197479248, 1.089255452156067, 1.0844390392303467, 1.0796849727630615, 1.0749109983444214, 1.070331335067749, 1.0658262968063354, 1.06148362159729, 1.0572434663772583, 1.0532492399215698], "accuracy": [0.46688053011894226, 0.47782599925994873, 0.47782599925994873, 0.47782599925994873, 0.47782599925994873, 0.47782599925994873, 0.47782599925994873, 0.47782599925994873, 0.47782599925994873, 0.47782599925994873], "val_loss": [1.08855402469635, 1.0838792324066162, 1.0793795585632324, 1.0750890970230103, 1.0707216262817383, 1.0648149251937866, 1.0606893301010132, 1.0567768812179565, 1.0526186227798462, 1.0483375787734985], "val_accuracy": [0.3803773522377014, 0.3803773522377014, 0.3803773522377014, 0.4573584794998169, 0.4573584794998169, 0.4573584794998169, 0.4573584794998169, 0.4573584794998169, 0.4573584794998169, 0.4573584794998169]}, "Model": "{\"class_name\": \"Sequential\", \"config\": {\"name\": \"base_lstm_32\", \"layers\": [{\"class_name\": \"InputLayer\", \"config\": {\"batch_input_shape\": [null, 500], \"dtype\": \"float32\", \"sparse\": false, \"ragged\": false, \"name\": \"embedding_17_input\"}}, {\"class_name\": \"Embedding\", \"config\": {\"name\": \"embedding_17\", \"trainable\": true, \"batch_input_shape\": [null, 500], \"dtype\": \"float32\", \"input_dim\": 37433, \"output_dim\": 30, \"embeddings_initializer\": {\"class_name\": \"RandomUniform\", \"config\": {\"minval\": -0.05, \"maxval\": 0.05, \"seed\": null}}, \"embeddings_regularizer\": null, \"activity_regularizer\": null, \"embeddings_constraint\": null, \"mask_zero\": false, \"input_length\": 500}}, {\"class_name\": \"GRU\", \"config\": {\"name\": \"gru\", \"trainable\": true, \"dtype\": \"float32\", \"return_sequences\": false, \"return_state\": false, \"go_backwards\": false, \"stateful\": false, \"unroll\": false, \"time_major\": false, \"units\": 32, \"activation\": \"relu\", \"recurrent_activation\": \"sigmoid\", \"use_bias\": true, \"kernel_initializer\": {\"class_name\": \"GlorotUniform\", \"config\": {\"seed\": null}}, \"recurrent_initializer\": {\"class_name\": \"Orthogonal\", \"config\": {\"gain\": 1.0, \"seed\": null}}, \"bias_initializer\": {\"class_name\": \"Zeros\", \"config\": {}}, \"kernel_regularizer\": null, \"recurrent_regularizer\": null, \"bias_regularizer\": null, \"activity_regularizer\": null, \"kernel_constraint\": null, \"recurrent_constraint\": null, \"bias_constraint\": null, \"dropout\": 0.0, \"recurrent_dropout\": 0.0, \"implementation\": 2, \"reset_after\": true}}, {\"class_name\": \"Dense\", \"config\": {\"name\": \"dense_24\", \"trainable\": true, \"dtype\": \"float32\", \"units\": 64, \"activation\": \"linear\", \"use_bias\": true, \"kernel_initializer\": {\"class_name\": \"GlorotUniform\", \"config\": {\"seed\": null}}, \"bias_initializer\": {\"class_name\": \"Zeros\", \"config\": {}}, \"kernel_regularizer\": null, \"bias_regularizer\": null, \"activity_regularizer\": null, \"kernel_constraint\": null, \"bias_constraint\": null}}, {\"class_name\": \"BatchNormalization\", \"config\": {\"name\": \"batch_normalization_20\", \"trainable\": true, \"dtype\": \"float32\", \"axis\": [1], \"momentum\": 0.99, \"epsilon\": 0.001, \"center\": true, \"scale\": true, \"beta_initializer\": {\"class_name\": \"Zeros\", \"config\": {}}, \"gamma_initializer\": {\"class_name\": \"Ones\", \"config\": {}}, \"moving_mean_initializer\": {\"class_name\": \"Zeros\", \"config\": {}}, \"moving_variance_initializer\": {\"class_name\": \"Ones\", \"config\": {}}, \"beta_regularizer\": null, \"gamma_regularizer\": null, \"beta_constraint\": null, \"gamma_constraint\": null}}, {\"class_name\": \"Dense\", \"config\": {\"name\": \"dense_25\", \"trainable\": true, \"dtype\": \"float32\", \"units\": 64, \"activation\": \"linear\", \"use_bias\": true, \"kernel_initializer\": {\"class_name\": \"GlorotUniform\", \"config\": {\"seed\": null}}, \"bias_initializer\": {\"class_name\": \"Zeros\", \"config\": {}}, \"kernel_regularizer\": null, \"bias_regularizer\": null, \"activity_regularizer\": null, \"kernel_constraint\": null, \"bias_constraint\": null}}, {\"class_name\": \"BatchNormalization\", \"config\": {\"name\": \"batch_normalization_21\", \"trainable\": true, \"dtype\": \"float32\", \"axis\": [1], \"momentum\": 0.99, \"epsilon\": 0.001, \"center\": true, \"scale\": true, \"beta_initializer\": {\"class_name\": \"Zeros\", \"config\": {}}, \"gamma_initializer\": {\"class_name\": \"Ones\", \"config\": {}}, \"moving_mean_initializer\": {\"class_name\": \"Zeros\", \"config\": {}}, \"moving_variance_initializer\": {\"class_name\": \"Ones\", \"config\": {}}, \"beta_regularizer\": null, \"gamma_regularizer\": null, \"beta_constraint\": null, \"gamma_constraint\": null}}, {\"class_name\": \"Dense\", \"config\": {\"name\": \"dense_26\", \"trainable\": true, \"dtype\": \"float32\", \"units\": 3, \"activation\": \"softmax\", \"use_bias\": true, \"kernel_initializer\": {\"class_name\": \"GlorotUniform\", \"config\": {\"seed\": null}}, \"bias_initializer\": {\"class_name\": \"Zeros\", \"config\": {}}, \"kernel_regularizer\": null, \"bias_regularizer\": null, \"activity_regularizer\": null, \"kernel_constraint\": null, \"bias_constraint\": null}}]}, \"keras_version\": \"2.8.0\", \"backend\": \"tensorflow\"}", "Vocab size": 37433, "Embedding size": 30, "Max words": 500, "Epochs": 10, "Validation split:": 0.2, "Training time": 53.24855017662048}