{"Date": "27/04/2022", "Time": "10:28:40", "Name": "base_cnn_128", "History": {"loss": [0.972824215888977, 0.7264951467514038, 0.5151193141937256, 0.35274747014045715, 0.2501218914985657, 0.1920013576745987, 0.16160321235656738, 0.14380668103694916, 0.13131482899188995, 0.12151223421096802], "accuracy": [0.5027363896369934, 0.6856010556221008, 0.7999622821807861, 0.8695980310440063, 0.9052651524543762, 0.9235705137252808, 0.9280996322631836, 0.9358369708061218, 0.938478946685791, 0.941120982170105], "val_loss": [0.8721148371696472, 0.7213100790977478, 0.6783769130706787, 0.7035046815872192, 0.759013831615448, 0.8307068943977356, 0.8710280656814575, 0.9499961137771606, 0.9577898383140564, 0.9787561893463135], "val_accuracy": [0.5916981101036072, 0.652075469493866, 0.698867917060852, 0.7049056887626648, 0.7049056887626648, 0.701886773109436, 0.6966037750244141, 0.6860377192497253, 0.6935849189758301, 0.698867917060852]}, "Model": "{\"class_name\": \"Sequential\", \"config\": {\"name\": \"base_cnn_128\", \"layers\": [{\"class_name\": \"InputLayer\", \"config\": {\"batch_input_shape\": [null, 500], \"dtype\": \"float32\", \"sparse\": false, \"ragged\": false, \"name\": \"embedding_49_input\"}}, {\"class_name\": \"Embedding\", \"config\": {\"name\": \"embedding_49\", \"trainable\": true, \"batch_input_shape\": [null, 500], \"dtype\": \"float32\", \"input_dim\": 37433, \"output_dim\": 30, \"embeddings_initializer\": {\"class_name\": \"RandomUniform\", \"config\": {\"minval\": -0.05, \"maxval\": 0.05, \"seed\": null}}, \"embeddings_regularizer\": null, \"activity_regularizer\": null, \"embeddings_constraint\": null, \"mask_zero\": false, \"input_length\": 500}}, {\"class_name\": \"Conv1D\", \"config\": {\"name\": \"conv1d_23\", \"trainable\": true, \"dtype\": \"float32\", \"filters\": 128, \"kernel_size\": [3], \"strides\": [1], \"padding\": \"valid\", \"data_format\": \"channels_last\", \"dilation_rate\": [1], \"groups\": 1, \"activation\": \"relu\", \"use_bias\": true, \"kernel_initializer\": {\"class_name\": \"GlorotUniform\", \"config\": {\"seed\": null}}, \"bias_initializer\": {\"class_name\": \"Zeros\", \"config\": {}}, \"kernel_regularizer\": null, \"bias_regularizer\": null, \"activity_regularizer\": null, \"kernel_constraint\": null, \"bias_constraint\": null}}, {\"class_name\": \"GlobalMaxPooling1D\", \"config\": {\"name\": \"global_max_pooling1d_23\", \"trainable\": true, \"dtype\": \"float32\", \"data_format\": \"channels_last\", \"keepdims\": false}}, {\"class_name\": \"Dense\", \"config\": {\"name\": \"dense_49\", \"trainable\": true, \"dtype\": \"float32\", \"units\": 3, \"activation\": \"softmax\", \"use_bias\": true, \"kernel_initializer\": {\"class_name\": \"GlorotUniform\", \"config\": {\"seed\": null}}, \"bias_initializer\": {\"class_name\": \"Zeros\", \"config\": {}}, \"kernel_regularizer\": null, \"bias_regularizer\": null, \"activity_regularizer\": null, \"kernel_constraint\": null, \"bias_constraint\": null}}]}, \"keras_version\": \"2.8.0\", \"backend\": \"tensorflow\"}", "Vocab size": 37433, "Embedding size": 30, "Max words": 500, "Epochs": 10, "Validation split:": 0.2, "Training time": 41.53202414512634}