{"Date": "27/04/2022", "Time": "17:50:09", "Name": "base_lstm_64", "History": {"loss": [1.0946682691574097, 1.0889828205108643, 1.0839545726776123, 1.0789927244186401, 1.07406747341156, 1.0693206787109375, 1.0646862983703613, 1.0602071285247803, 1.0559144020080566, 1.0517597198486328], "accuracy": [0.4721645712852478, 0.47782599925994873, 0.47782599925994873, 0.47782599925994873, 0.47782599925994873, 0.47782599925994873, 0.47782599925994873, 0.47782599925994873, 0.47782599925994873, 0.47782599925994873], "val_loss": [1.089370608329773, 1.083987832069397, 1.0790096521377563, 1.0728569030761719, 1.0695511102676392, 1.0655380487442017, 1.0638223886489868, 1.0590128898620605, 1.0546362400054932, 1.0512290000915527], "val_accuracy": [0.4573584794998169, 0.4573584794998169, 0.4573584794998169, 0.4573584794998169, 0.4573584794998169, 0.4573584794998169, 0.4573584794998169, 0.4573584794998169, 0.4573584794998169, 0.4573584794998169]}, "Model": "{\"class_name\": \"Sequential\", \"config\": {\"name\": \"base_lstm_64\", \"layers\": [{\"class_name\": \"InputLayer\", \"config\": {\"batch_input_shape\": [null, 500], \"dtype\": \"float32\", \"sparse\": false, \"ragged\": false, \"name\": \"embedding_18_input\"}}, {\"class_name\": \"Embedding\", \"config\": {\"name\": \"embedding_18\", \"trainable\": true, \"batch_input_shape\": [null, 500], \"dtype\": \"float32\", \"input_dim\": 37433, \"output_dim\": 30, \"embeddings_initializer\": {\"class_name\": \"RandomUniform\", \"config\": {\"minval\": -0.05, \"maxval\": 0.05, \"seed\": null}}, \"embeddings_regularizer\": null, \"activity_regularizer\": null, \"embeddings_constraint\": null, \"mask_zero\": false, \"input_length\": 500}}, {\"class_name\": \"GRU\", \"config\": {\"name\": \"gru_1\", \"trainable\": true, \"dtype\": \"float32\", \"return_sequences\": false, \"return_state\": false, \"go_backwards\": false, \"stateful\": false, \"unroll\": false, \"time_major\": false, \"units\": 64, \"activation\": \"relu\", \"recurrent_activation\": \"sigmoid\", \"use_bias\": true, \"kernel_initializer\": {\"class_name\": \"GlorotUniform\", \"config\": {\"seed\": null}}, \"recurrent_initializer\": {\"class_name\": \"Orthogonal\", \"config\": {\"gain\": 1.0, \"seed\": null}}, \"bias_initializer\": {\"class_name\": \"Zeros\", \"config\": {}}, \"kernel_regularizer\": null, \"recurrent_regularizer\": null, \"bias_regularizer\": null, \"activity_regularizer\": null, \"kernel_constraint\": null, \"recurrent_constraint\": null, \"bias_constraint\": null, \"dropout\": 0.0, \"recurrent_dropout\": 0.0, \"implementation\": 2, \"reset_after\": true}}, {\"class_name\": \"Dense\", \"config\": {\"name\": \"dense_27\", \"trainable\": true, \"dtype\": \"float32\", \"units\": 64, \"activation\": \"linear\", \"use_bias\": true, \"kernel_initializer\": {\"class_name\": \"GlorotUniform\", \"config\": {\"seed\": null}}, \"bias_initializer\": {\"class_name\": \"Zeros\", \"config\": {}}, \"kernel_regularizer\": null, \"bias_regularizer\": null, \"activity_regularizer\": null, \"kernel_constraint\": null, \"bias_constraint\": null}}, {\"class_name\": \"BatchNormalization\", \"config\": {\"name\": \"batch_normalization_22\", \"trainable\": true, \"dtype\": \"float32\", \"axis\": [1], \"momentum\": 0.99, \"epsilon\": 0.001, \"center\": true, \"scale\": true, \"beta_initializer\": {\"class_name\": \"Zeros\", \"config\": {}}, \"gamma_initializer\": {\"class_name\": \"Ones\", \"config\": {}}, \"moving_mean_initializer\": {\"class_name\": \"Zeros\", \"config\": {}}, \"moving_variance_initializer\": {\"class_name\": \"Ones\", \"config\": {}}, \"beta_regularizer\": null, \"gamma_regularizer\": null, \"beta_constraint\": null, \"gamma_constraint\": null}}, {\"class_name\": \"Dense\", \"config\": {\"name\": \"dense_28\", \"trainable\": true, \"dtype\": \"float32\", \"units\": 64, \"activation\": \"linear\", \"use_bias\": true, \"kernel_initializer\": {\"class_name\": \"GlorotUniform\", \"config\": {\"seed\": null}}, \"bias_initializer\": {\"class_name\": \"Zeros\", \"config\": {}}, \"kernel_regularizer\": null, \"bias_regularizer\": null, \"activity_regularizer\": null, \"kernel_constraint\": null, \"bias_constraint\": null}}, {\"class_name\": \"BatchNormalization\", \"config\": {\"name\": \"batch_normalization_23\", \"trainable\": true, \"dtype\": \"float32\", \"axis\": [1], \"momentum\": 0.99, \"epsilon\": 0.001, \"center\": true, \"scale\": true, \"beta_initializer\": {\"class_name\": \"Zeros\", \"config\": {}}, \"gamma_initializer\": {\"class_name\": \"Ones\", \"config\": {}}, \"moving_mean_initializer\": {\"class_name\": \"Zeros\", \"config\": {}}, \"moving_variance_initializer\": {\"class_name\": \"Ones\", \"config\": {}}, \"beta_regularizer\": null, \"gamma_regularizer\": null, \"beta_constraint\": null, \"gamma_constraint\": null}}, {\"class_name\": \"Dense\", \"config\": {\"name\": \"dense_29\", \"trainable\": true, \"dtype\": \"float32\", \"units\": 3, \"activation\": \"softmax\", \"use_bias\": true, \"kernel_initializer\": {\"class_name\": \"GlorotUniform\", \"config\": {\"seed\": null}}, \"bias_initializer\": {\"class_name\": \"Zeros\", \"config\": {}}, \"kernel_regularizer\": null, \"bias_regularizer\": null, \"activity_regularizer\": null, \"kernel_constraint\": null, \"bias_constraint\": null}}]}, \"keras_version\": \"2.8.0\", \"backend\": \"tensorflow\"}", "Vocab size": 37433, "Embedding size": 30, "Max words": 500, "Epochs": 10, "Validation split:": 0.2, "Training time": 87.99947452545166}