{"Date": "27/04/2022", "Time": "13:39:43", "Name": "base_cnn_2048", "History": {"loss": [0.8988361954689026, 0.5980297923088074, 0.37936264276504517, 0.2506559491157532, 0.1841428279876709, 0.15756352245807648, 0.13739925622940063, 0.1333281248807907, 0.12235365062952042, 0.10841093212366104], "accuracy": [0.5621815323829651, 0.738629937171936, 0.8503491282463074, 0.9005472660064697, 0.9271560907363892, 0.9335723519325256, 0.9388563632965088, 0.9456501007080078, 0.9454613924026489, 0.9482921361923218], "val_loss": [0.7453492879867554, 0.6666755676269531, 0.7295858860015869, 0.8390061259269714, 0.9154391884803772, 1.0005214214324951, 1.0502736568450928, 1.082946538925171, 1.202642560005188, 1.1135607957839966], "val_accuracy": [0.6656603813171387, 0.7290565967559814, 0.6973584890365601, 0.704150915145874, 0.702641487121582, 0.70113205909729, 0.699622631072998, 0.6883018612861633, 0.6641509532928467, 0.700377345085144]}, "Model": "{\"class_name\": \"Sequential\", \"config\": {\"name\": \"base_cnn_2048\", \"layers\": [{\"class_name\": \"InputLayer\", \"config\": {\"batch_input_shape\": [null, 500], \"dtype\": \"float32\", \"sparse\": false, \"ragged\": false, \"name\": \"embedding_129_input\"}}, {\"class_name\": \"Embedding\", \"config\": {\"name\": \"embedding_129\", \"trainable\": true, \"batch_input_shape\": [null, 500], \"dtype\": \"float32\", \"input_dim\": 37433, \"output_dim\": 30, \"embeddings_initializer\": {\"class_name\": \"RandomUniform\", \"config\": {\"minval\": -0.05, \"maxval\": 0.05, \"seed\": null}}, \"embeddings_regularizer\": null, \"activity_regularizer\": null, \"embeddings_constraint\": null, \"mask_zero\": false, \"input_length\": 500}}, {\"class_name\": \"Conv1D\", \"config\": {\"name\": \"conv1d_104\", \"trainable\": true, \"dtype\": \"float32\", \"filters\": 2048, \"kernel_size\": [3], \"strides\": [1], \"padding\": \"valid\", \"data_format\": \"channels_last\", \"dilation_rate\": [1], \"groups\": 1, \"activation\": \"relu\", \"use_bias\": true, \"kernel_initializer\": {\"class_name\": \"GlorotUniform\", \"config\": {\"seed\": null}}, \"bias_initializer\": {\"class_name\": \"Zeros\", \"config\": {}}, \"kernel_regularizer\": null, \"bias_regularizer\": null, \"activity_regularizer\": null, \"kernel_constraint\": null, \"bias_constraint\": null}}, {\"class_name\": \"GlobalMaxPooling1D\", \"config\": {\"name\": \"global_max_pooling1d_102\", \"trainable\": true, \"dtype\": \"float32\", \"data_format\": \"channels_last\", \"keepdims\": false}}, {\"class_name\": \"Dense\", \"config\": {\"name\": \"dense_176\", \"trainable\": true, \"dtype\": \"float32\", \"units\": 3, \"activation\": \"softmax\", \"use_bias\": true, \"kernel_initializer\": {\"class_name\": \"GlorotUniform\", \"config\": {\"seed\": null}}, \"bias_initializer\": {\"class_name\": \"Zeros\", \"config\": {}}, \"kernel_regularizer\": null, \"bias_regularizer\": null, \"activity_regularizer\": null, \"kernel_constraint\": null, \"bias_constraint\": null}}]}, \"keras_version\": \"2.8.0\", \"backend\": \"tensorflow\"}", "Vocab size": 37433, "Embedding size": 30, "Max words": 500, "Epochs": 10, "Validation split:": 0.2, "Training time": 415.8850111961365}