{"Date": "27/04/2022", "Time": "21:49:47", "Name": "base_cnn_2048", "History": {"loss": [0.9036375284194946, 0.592919111251831, 0.3835306763648987, 0.25495776534080505, 0.18899130821228027, 0.15662501752376556, 0.13614696264266968, 0.12070527672767639, 0.12269789725542068, 0.11059748381376266], "accuracy": [0.5484481453895569, 0.7460257411003113, 0.8451930284500122, 0.9017789363861084, 0.9224072694778442, 0.9326267838478088, 0.9415215849876404, 0.9490916132926941, 0.9464420676231384, 0.9451173543930054], "val_loss": [0.7482278347015381, 0.6833875775337219, 0.7318084239959717, 0.852687656879425, 0.913607120513916, 0.9716877341270447, 1.040136456489563, 1.0676532983779907, 1.0932457447052002, 1.118688941001892], "val_accuracy": [0.6580938100814819, 0.7012102603912354, 0.704992413520813, 0.6989409923553467, 0.7125567197799683, 0.7019667029380798, 0.6959152817726135, 0.6936460137367249, 0.6974281668663025, 0.6974281668663025]}, "Model": "{\"class_name\": \"Sequential\", \"config\": {\"name\": \"base_cnn_2048\", \"layers\": [{\"class_name\": \"InputLayer\", \"config\": {\"batch_input_shape\": [null, 500], \"dtype\": \"float32\", \"sparse\": false, \"ragged\": false, \"name\": \"embedding_11_input\"}}, {\"class_name\": \"Embedding\", \"config\": {\"name\": \"embedding_11\", \"trainable\": true, \"batch_input_shape\": [null, 500], \"dtype\": \"float32\", \"input_dim\": 37237, \"output_dim\": 30, \"embeddings_initializer\": {\"class_name\": \"RandomUniform\", \"config\": {\"minval\": -0.05, \"maxval\": 0.05, \"seed\": null}}, \"embeddings_regularizer\": null, \"activity_regularizer\": null, \"embeddings_constraint\": null, \"mask_zero\": false, \"input_length\": 500}}, {\"class_name\": \"Conv1D\", \"config\": {\"name\": \"conv1d_11\", \"trainable\": true, \"dtype\": \"float32\", \"filters\": 2048, \"kernel_size\": [3], \"strides\": [1], \"padding\": \"valid\", \"data_format\": \"channels_last\", \"dilation_rate\": [1], \"groups\": 1, \"activation\": \"relu\", \"use_bias\": true, \"kernel_initializer\": {\"class_name\": \"GlorotUniform\", \"config\": {\"seed\": null}}, \"bias_initializer\": {\"class_name\": \"Zeros\", \"config\": {}}, \"kernel_regularizer\": null, \"bias_regularizer\": null, \"activity_regularizer\": null, \"kernel_constraint\": null, \"bias_constraint\": null}}, {\"class_name\": \"GlobalMaxPooling1D\", \"config\": {\"name\": \"global_max_pooling1d_11\", \"trainable\": true, \"dtype\": \"float32\", \"data_format\": \"channels_last\", \"keepdims\": false}}, {\"class_name\": \"Dense\", \"config\": {\"name\": \"dense_11\", \"trainable\": true, \"dtype\": \"float32\", \"units\": 3, \"activation\": \"softmax\", \"use_bias\": true, \"kernel_initializer\": {\"class_name\": \"GlorotUniform\", \"config\": {\"seed\": null}}, \"bias_initializer\": {\"class_name\": \"Zeros\", \"config\": {}}, \"kernel_regularizer\": null, \"bias_regularizer\": null, \"activity_regularizer\": null, \"kernel_constraint\": null, \"bias_constraint\": null}}]}, \"keras_version\": \"2.8.0\", \"backend\": \"tensorflow\"}", "Vocab size": 37237, "Embedding size": 30, "Max words": 500, "Epochs": 10, "Validation split:": 0.2, "Training time": 460.3011450767517}