{"Date": "27/04/2022", "Time": "10:42:37", "Name": "base_cnn_2048", "History": {"loss": [0.9111775159835815, 0.601765513420105, 0.3842129409313202, 0.24629780650138855, 0.1917194128036499, 0.16379135847091675, 0.1422612965106964, 0.13067016005516052, 0.13032515347003937, 0.10920446366071701], "accuracy": [0.5584072470664978, 0.7452349662780762, 0.8469522595405579, 0.9050764441490173, 0.9182864427566528, 0.931685209274292, 0.9394225478172302, 0.9414983987808228, 0.9450839757919312, 0.9513115882873535], "val_loss": [0.7613962292671204, 0.6669349074363708, 0.7248049378395081, 0.83297199010849, 1.0065865516662598, 1.0713958740234375, 1.019436001777649, 1.0491851568222046, 1.1402099132537842, 1.167616605758667], "val_accuracy": [0.648301899433136, 0.7222641706466675, 0.7177358269691467, 0.7056604027748108, 0.6732075214385986, 0.6739622354507446, 0.6950943470001221, 0.6966037750244141, 0.6747170090675354, 0.6867924332618713]}, "Model": "{\"class_name\": \"Sequential\", \"config\": {\"name\": \"base_cnn_2048\", \"layers\": [{\"class_name\": \"InputLayer\", \"config\": {\"batch_input_shape\": [null, 500], \"dtype\": \"float32\", \"sparse\": false, \"ragged\": false, \"name\": \"embedding_53_input\"}}, {\"class_name\": \"Embedding\", \"config\": {\"name\": \"embedding_53\", \"trainable\": true, \"batch_input_shape\": [null, 500], \"dtype\": \"float32\", \"input_dim\": 37433, \"output_dim\": 30, \"embeddings_initializer\": {\"class_name\": \"RandomUniform\", \"config\": {\"minval\": -0.05, \"maxval\": 0.05, \"seed\": null}}, \"embeddings_regularizer\": null, \"activity_regularizer\": null, \"embeddings_constraint\": null, \"mask_zero\": false, \"input_length\": 500}}, {\"class_name\": \"Conv1D\", \"config\": {\"name\": \"conv1d_27\", \"trainable\": true, \"dtype\": \"float32\", \"filters\": 2048, \"kernel_size\": [3], \"strides\": [1], \"padding\": \"valid\", \"data_format\": \"channels_last\", \"dilation_rate\": [1], \"groups\": 1, \"activation\": \"relu\", \"use_bias\": true, \"kernel_initializer\": {\"class_name\": \"GlorotUniform\", \"config\": {\"seed\": null}}, \"bias_initializer\": {\"class_name\": \"Zeros\", \"config\": {}}, \"kernel_regularizer\": null, \"bias_regularizer\": null, \"activity_regularizer\": null, \"kernel_constraint\": null, \"bias_constraint\": null}}, {\"class_name\": \"GlobalMaxPooling1D\", \"config\": {\"name\": \"global_max_pooling1d_27\", \"trainable\": true, \"dtype\": \"float32\", \"data_format\": \"channels_last\", \"keepdims\": false}}, {\"class_name\": \"Dense\", \"config\": {\"name\": \"dense_53\", \"trainable\": true, \"dtype\": \"float32\", \"units\": 3, \"activation\": \"softmax\", \"use_bias\": true, \"kernel_initializer\": {\"class_name\": \"GlorotUniform\", \"config\": {\"seed\": null}}, \"bias_initializer\": {\"class_name\": \"Zeros\", \"config\": {}}, \"kernel_regularizer\": null, \"bias_regularizer\": null, \"activity_regularizer\": null, \"kernel_constraint\": null, \"bias_constraint\": null}}]}, \"keras_version\": \"2.8.0\", \"backend\": \"tensorflow\"}", "Vocab size": 37433, "Embedding size": 30, "Max words": 500, "Epochs": 10, "Validation split:": 0.2, "Training time": 449.5851266384125}