{"Date": "27/04/2022", "Time": "21:42:06", "Name": "base_cnn_1024", "History": {"loss": [0.9302619099617004, 0.6498117446899414, 0.4298534691333771, 0.2812868058681488, 0.21411968767642975, 0.16944140195846558, 0.1477242112159729, 0.12737150490283966, 0.12219630926847458, 0.11626262962818146], "accuracy": [0.5372823476791382, 0.7267221808433533, 0.8275927305221558, 0.8908024430274963, 0.9123769998550415, 0.9280847907066345, 0.9379258155822754, 0.9419000744819641, 0.9437925815582275, 0.944549560546875], "val_loss": [0.8042516708374023, 0.7130175232887268, 0.7322801947593689, 0.8635480999946594, 0.8988482356071472, 1.0384060144424438, 1.0085606575012207, 1.114058494567871, 1.1799125671386719, 1.1124640703201294], "val_accuracy": [0.6180030107498169, 0.6875945329666138, 0.7095310091972351, 0.6921331286430359, 0.696671724319458, 0.6732223629951477, 0.6921331286430359, 0.6883509755134583, 0.6785174012184143, 0.6891074180603027]}, "Model": "{\"class_name\": \"Sequential\", \"config\": {\"name\": \"base_cnn_1024\", \"layers\": [{\"class_name\": \"InputLayer\", \"config\": {\"batch_input_shape\": [null, 500], \"dtype\": \"float32\", \"sparse\": false, \"ragged\": false, \"name\": \"embedding_10_input\"}}, {\"class_name\": \"Embedding\", \"config\": {\"name\": \"embedding_10\", \"trainable\": true, \"batch_input_shape\": [null, 500], \"dtype\": \"float32\", \"input_dim\": 37237, \"output_dim\": 30, \"embeddings_initializer\": {\"class_name\": \"RandomUniform\", \"config\": {\"minval\": -0.05, \"maxval\": 0.05, \"seed\": null}}, \"embeddings_regularizer\": null, \"activity_regularizer\": null, \"embeddings_constraint\": null, \"mask_zero\": false, \"input_length\": 500}}, {\"class_name\": \"Conv1D\", \"config\": {\"name\": \"conv1d_10\", \"trainable\": true, \"dtype\": \"float32\", \"filters\": 1024, \"kernel_size\": [3], \"strides\": [1], \"padding\": \"valid\", \"data_format\": \"channels_last\", \"dilation_rate\": [1], \"groups\": 1, \"activation\": \"relu\", \"use_bias\": true, \"kernel_initializer\": {\"class_name\": \"GlorotUniform\", \"config\": {\"seed\": null}}, \"bias_initializer\": {\"class_name\": \"Zeros\", \"config\": {}}, \"kernel_regularizer\": null, \"bias_regularizer\": null, \"activity_regularizer\": null, \"kernel_constraint\": null, \"bias_constraint\": null}}, {\"class_name\": \"GlobalMaxPooling1D\", \"config\": {\"name\": \"global_max_pooling1d_10\", \"trainable\": true, \"dtype\": \"float32\", \"data_format\": \"channels_last\", \"keepdims\": false}}, {\"class_name\": \"Dense\", \"config\": {\"name\": \"dense_10\", \"trainable\": true, \"dtype\": \"float32\", \"units\": 3, \"activation\": \"softmax\", \"use_bias\": true, \"kernel_initializer\": {\"class_name\": \"GlorotUniform\", \"config\": {\"seed\": null}}, \"bias_initializer\": {\"class_name\": \"Zeros\", \"config\": {}}, \"kernel_regularizer\": null, \"bias_regularizer\": null, \"activity_regularizer\": null, \"kernel_constraint\": null, \"bias_constraint\": null}}]}, \"keras_version\": \"2.8.0\", \"backend\": \"tensorflow\"}", "Vocab size": 37237, "Embedding size": 30, "Max words": 500, "Epochs": 10, "Validation split:": 0.2, "Training time": 236.4476330280304}