{"Date": "27/04/2022", "Time": "10:35:07", "Name": "base_cnn_1024", "History": {"loss": [0.9302743077278137, 0.6329718828201294, 0.420790433883667, 0.27434828877449036, 0.2035871148109436, 0.1650404930114746, 0.14364458620548248, 0.13469454646110535, 0.12543518841266632, 0.11566832661628723], "accuracy": [0.5270805954933167, 0.7252311706542969, 0.8299679160118103, 0.892055094242096, 0.918097734451294, 0.9286657571792603, 0.9345159530639648, 0.9401773810386658, 0.942441999912262, 0.9458388090133667], "val_loss": [0.775699257850647, 0.6794043183326721, 0.7377444505691528, 0.8973488211631775, 0.9495431184768677, 0.9465892910957336, 1.057097315788269, 1.1235744953155518, 1.10645592212677, 1.098548173904419], "val_accuracy": [0.6611320972442627, 0.6958490610122681, 0.70113205909729, 0.6784905791282654, 0.6800000071525574, 0.698113203048706, 0.6822641491889954, 0.6732075214385986, 0.6852830052375793, 0.6784905791282654]}, "Model": "{\"class_name\": \"Sequential\", \"config\": {\"name\": \"base_cnn_1024\", \"layers\": [{\"class_name\": \"InputLayer\", \"config\": {\"batch_input_shape\": [null, 500], \"dtype\": \"float32\", \"sparse\": false, \"ragged\": false, \"name\": \"embedding_52_input\"}}, {\"class_name\": \"Embedding\", \"config\": {\"name\": \"embedding_52\", \"trainable\": true, \"batch_input_shape\": [null, 500], \"dtype\": \"float32\", \"input_dim\": 37433, \"output_dim\": 30, \"embeddings_initializer\": {\"class_name\": \"RandomUniform\", \"config\": {\"minval\": -0.05, \"maxval\": 0.05, \"seed\": null}}, \"embeddings_regularizer\": null, \"activity_regularizer\": null, \"embeddings_constraint\": null, \"mask_zero\": false, \"input_length\": 500}}, {\"class_name\": \"Conv1D\", \"config\": {\"name\": \"conv1d_26\", \"trainable\": true, \"dtype\": \"float32\", \"filters\": 1024, \"kernel_size\": [3], \"strides\": [1], \"padding\": \"valid\", \"data_format\": \"channels_last\", \"dilation_rate\": [1], \"groups\": 1, \"activation\": \"relu\", \"use_bias\": true, \"kernel_initializer\": {\"class_name\": \"GlorotUniform\", \"config\": {\"seed\": null}}, \"bias_initializer\": {\"class_name\": \"Zeros\", \"config\": {}}, \"kernel_regularizer\": null, \"bias_regularizer\": null, \"activity_regularizer\": null, \"kernel_constraint\": null, \"bias_constraint\": null}}, {\"class_name\": \"GlobalMaxPooling1D\", \"config\": {\"name\": \"global_max_pooling1d_26\", \"trainable\": true, \"dtype\": \"float32\", \"data_format\": \"channels_last\", \"keepdims\": false}}, {\"class_name\": \"Dense\", \"config\": {\"name\": \"dense_52\", \"trainable\": true, \"dtype\": \"float32\", \"units\": 3, \"activation\": \"softmax\", \"use_bias\": true, \"kernel_initializer\": {\"class_name\": \"GlorotUniform\", \"config\": {\"seed\": null}}, \"bias_initializer\": {\"class_name\": \"Zeros\", \"config\": {}}, \"kernel_regularizer\": null, \"bias_regularizer\": null, \"activity_regularizer\": null, \"kernel_constraint\": null, \"bias_constraint\": null}}]}, \"keras_version\": \"2.8.0\", \"backend\": \"tensorflow\"}", "Vocab size": 37433, "Embedding size": 30, "Max words": 500, "Epochs": 10, "Validation split:": 0.2, "Training time": 213.89113807678223}