{"Date": "27/04/2022", "Time": "21:35:15", "Name": "base_cnn_128", "History": {"loss": [0.9834989905357361, 0.7430544495582581, 0.5358558893203735, 0.3742903470993042, 0.26516684889793396, 0.20453165471553802, 0.16715840995311737, 0.14361760020256042, 0.13199731707572937, 0.12370941042900085], "accuracy": [0.502460241317749, 0.6771385073661804, 0.7872823476791382, 0.8644965887069702, 0.9012112021446228, 0.9188115000724792, 0.9318698048591614, 0.9343300461769104, 0.9392505884170532, 0.9392505884170532], "val_loss": [0.8900105953216553, 0.7183141708374023, 0.6729069352149963, 0.7016217708587646, 0.7307751774787903, 0.7807708382606506, 0.8270120620727539, 0.8894621133804321, 0.8995761275291443, 0.9410116672515869], "val_accuracy": [0.54841148853302, 0.6717095375061035, 0.7027231454849243, 0.696671724319458, 0.7019667029380798, 0.7027231454849243, 0.704992413520813, 0.7012102603912354, 0.7012102603912354, 0.7057488560676575]}, "Model": "{\"class_name\": \"Sequential\", \"config\": {\"name\": \"base_cnn_128\", \"layers\": [{\"class_name\": \"InputLayer\", \"config\": {\"batch_input_shape\": [null, 500], \"dtype\": \"float32\", \"sparse\": false, \"ragged\": false, \"name\": \"embedding_7_input\"}}, {\"class_name\": \"Embedding\", \"config\": {\"name\": \"embedding_7\", \"trainable\": true, \"batch_input_shape\": [null, 500], \"dtype\": \"float32\", \"input_dim\": 37237, \"output_dim\": 30, \"embeddings_initializer\": {\"class_name\": \"RandomUniform\", \"config\": {\"minval\": -0.05, \"maxval\": 0.05, \"seed\": null}}, \"embeddings_regularizer\": null, \"activity_regularizer\": null, \"embeddings_constraint\": null, \"mask_zero\": false, \"input_length\": 500}}, {\"class_name\": \"Conv1D\", \"config\": {\"name\": \"conv1d_7\", \"trainable\": true, \"dtype\": \"float32\", \"filters\": 128, \"kernel_size\": [3], \"strides\": [1], \"padding\": \"valid\", \"data_format\": \"channels_last\", \"dilation_rate\": [1], \"groups\": 1, \"activation\": \"relu\", \"use_bias\": true, \"kernel_initializer\": {\"class_name\": \"GlorotUniform\", \"config\": {\"seed\": null}}, \"bias_initializer\": {\"class_name\": \"Zeros\", \"config\": {}}, \"kernel_regularizer\": null, \"bias_regularizer\": null, \"activity_regularizer\": null, \"kernel_constraint\": null, \"bias_constraint\": null}}, {\"class_name\": \"GlobalMaxPooling1D\", \"config\": {\"name\": \"global_max_pooling1d_7\", \"trainable\": true, \"dtype\": \"float32\", \"data_format\": \"channels_last\", \"keepdims\": false}}, {\"class_name\": \"Dense\", \"config\": {\"name\": \"dense_7\", \"trainable\": true, \"dtype\": \"float32\", \"units\": 3, \"activation\": \"softmax\", \"use_bias\": true, \"kernel_initializer\": {\"class_name\": \"GlorotUniform\", \"config\": {\"seed\": null}}, \"bias_initializer\": {\"class_name\": \"Zeros\", \"config\": {}}, \"kernel_regularizer\": null, \"bias_regularizer\": null, \"activity_regularizer\": null, \"kernel_constraint\": null, \"bias_constraint\": null}}]}, \"keras_version\": \"2.8.0\", \"backend\": \"tensorflow\"}", "Vocab size": 37237, "Embedding size": 30, "Max words": 500, "Epochs": 10, "Validation split:": 0.2, "Training time": 40.899972915649414}