{"Date": "27/04/2022", "Time": "13:29:34", "Name": "base_cnn_512", "History": {"loss": [0.9514200091362, 0.6761013865470886, 0.46064937114715576, 0.3059137463569641, 0.2136393040418625, 0.17605754733085632, 0.1474725306034088, 0.13228115439414978, 0.12512150406837463, 0.11566516757011414], "accuracy": [0.5219852924346924, 0.6991885304450989, 0.8146820068359375, 0.8812983632087708, 0.912436306476593, 0.9299867749214172, 0.9347046613693237, 0.9394225478172302, 0.9405547976493835, 0.9420645236968994], "val_loss": [0.8100183606147766, 0.6721800565719604, 0.6822873950004578, 0.7537379264831543, 0.8734253644943237, 0.9131832122802734, 0.9723687171936035, 0.9944305419921875, 1.0618228912353516, 1.0884976387023926], "val_accuracy": [0.6060377359390259, 0.702641487121582, 0.7086792588233948, 0.6935849189758301, 0.6845282912254333, 0.6928302049636841, 0.6920754909515381, 0.6943396329879761, 0.6950943470001221, 0.6966037750244141]}, "Model": "{\"class_name\": \"Sequential\", \"config\": {\"name\": \"base_cnn_512\", \"layers\": [{\"class_name\": \"InputLayer\", \"config\": {\"batch_input_shape\": [null, 500], \"dtype\": \"float32\", \"sparse\": false, \"ragged\": false, \"name\": \"embedding_127_input\"}}, {\"class_name\": \"Embedding\", \"config\": {\"name\": \"embedding_127\", \"trainable\": true, \"batch_input_shape\": [null, 500], \"dtype\": \"float32\", \"input_dim\": 37433, \"output_dim\": 30, \"embeddings_initializer\": {\"class_name\": \"RandomUniform\", \"config\": {\"minval\": -0.05, \"maxval\": 0.05, \"seed\": null}}, \"embeddings_regularizer\": null, \"activity_regularizer\": null, \"embeddings_constraint\": null, \"mask_zero\": false, \"input_length\": 500}}, {\"class_name\": \"Conv1D\", \"config\": {\"name\": \"conv1d_102\", \"trainable\": true, \"dtype\": \"float32\", \"filters\": 512, \"kernel_size\": [3], \"strides\": [1], \"padding\": \"valid\", \"data_format\": \"channels_last\", \"dilation_rate\": [1], \"groups\": 1, \"activation\": \"relu\", \"use_bias\": true, \"kernel_initializer\": {\"class_name\": \"GlorotUniform\", \"config\": {\"seed\": null}}, \"bias_initializer\": {\"class_name\": \"Zeros\", \"config\": {}}, \"kernel_regularizer\": null, \"bias_regularizer\": null, \"activity_regularizer\": null, \"kernel_constraint\": null, \"bias_constraint\": null}}, {\"class_name\": \"GlobalMaxPooling1D\", \"config\": {\"name\": \"global_max_pooling1d_100\", \"trainable\": true, \"dtype\": \"float32\", \"data_format\": \"channels_last\", \"keepdims\": false}}, {\"class_name\": \"Dense\", \"config\": {\"name\": \"dense_174\", \"trainable\": true, \"dtype\": \"float32\", \"units\": 3, \"activation\": \"softmax\", \"use_bias\": true, \"kernel_initializer\": {\"class_name\": \"GlorotUniform\", \"config\": {\"seed\": null}}, \"bias_initializer\": {\"class_name\": \"Zeros\", \"config\": {}}, \"kernel_regularizer\": null, \"bias_regularizer\": null, \"activity_regularizer\": null, \"kernel_constraint\": null, \"bias_constraint\": null}}]}, \"keras_version\": \"2.8.0\", \"backend\": \"tensorflow\"}", "Vocab size": 37433, "Embedding size": 30, "Max words": 500, "Epochs": 10, "Validation split:": 0.2, "Training time": 107.4235143661499}