{"Date": "27/04/2022", "Time": "13:32:47", "Name": "base_cnn_1024", "History": {"loss": [0.932921290397644, 0.6417987942695618, 0.42157313227653503, 0.27383360266685486, 0.19625665247440338, 0.16303199529647827, 0.14393237233161926, 0.130334734916687, 0.12292090803384781, 0.11738429963588715], "accuracy": [0.5333081483840942, 0.7216455936431885, 0.8335534930229187, 0.8916776776313782, 0.9207397699356079, 0.9324401021003723, 0.9360256791114807, 0.9407435655593872, 0.9447065591812134, 0.9426307082176208], "val_loss": [0.7777121067047119, 0.6883447766304016, 0.7107728719711304, 0.8064969778060913, 0.9058640599250793, 0.9840538501739502, 1.0576173067092896, 1.0921671390533447, 1.165029525756836, 1.1511662006378174], "val_accuracy": [0.6332075595855713, 0.6815094351768494, 0.702641487121582, 0.6973584890365601, 0.6875471472740173, 0.6890565752983093, 0.6837735772132874, 0.6830188632011414, 0.6830188632011414, 0.6762264370918274]}, "Model": "{\"class_name\": \"Sequential\", \"config\": {\"name\": \"base_cnn_1024\", \"layers\": [{\"class_name\": \"InputLayer\", \"config\": {\"batch_input_shape\": [null, 500], \"dtype\": \"float32\", \"sparse\": false, \"ragged\": false, \"name\": \"embedding_128_input\"}}, {\"class_name\": \"Embedding\", \"config\": {\"name\": \"embedding_128\", \"trainable\": true, \"batch_input_shape\": [null, 500], \"dtype\": \"float32\", \"input_dim\": 37433, \"output_dim\": 30, \"embeddings_initializer\": {\"class_name\": \"RandomUniform\", \"config\": {\"minval\": -0.05, \"maxval\": 0.05, \"seed\": null}}, \"embeddings_regularizer\": null, \"activity_regularizer\": null, \"embeddings_constraint\": null, \"mask_zero\": false, \"input_length\": 500}}, {\"class_name\": \"Conv1D\", \"config\": {\"name\": \"conv1d_103\", \"trainable\": true, \"dtype\": \"float32\", \"filters\": 1024, \"kernel_size\": [3], \"strides\": [1], \"padding\": \"valid\", \"data_format\": \"channels_last\", \"dilation_rate\": [1], \"groups\": 1, \"activation\": \"relu\", \"use_bias\": true, \"kernel_initializer\": {\"class_name\": \"GlorotUniform\", \"config\": {\"seed\": null}}, \"bias_initializer\": {\"class_name\": \"Zeros\", \"config\": {}}, \"kernel_regularizer\": null, \"bias_regularizer\": null, \"activity_regularizer\": null, \"kernel_constraint\": null, \"bias_constraint\": null}}, {\"class_name\": \"GlobalMaxPooling1D\", \"config\": {\"name\": \"global_max_pooling1d_101\", \"trainable\": true, \"dtype\": \"float32\", \"data_format\": \"channels_last\", \"keepdims\": false}}, {\"class_name\": \"Dense\", \"config\": {\"name\": \"dense_175\", \"trainable\": true, \"dtype\": \"float32\", \"units\": 3, \"activation\": \"softmax\", \"use_bias\": true, \"kernel_initializer\": {\"class_name\": \"GlorotUniform\", \"config\": {\"seed\": null}}, \"bias_initializer\": {\"class_name\": \"Zeros\", \"config\": {}}, \"kernel_regularizer\": null, \"bias_regularizer\": null, \"activity_regularizer\": null, \"kernel_constraint\": null, \"bias_constraint\": null}}]}, \"keras_version\": \"2.8.0\", \"backend\": \"tensorflow\"}", "Vocab size": 37433, "Embedding size": 30, "Max words": 500, "Epochs": 10, "Validation split:": 0.2, "Training time": 192.42740726470947}