{"Date": "27/04/2022", "Time": "21:02:03", "Name": "best_model", "History": {"loss": [0.9288812875747681, 0.5785152316093445, 0.3522012233734131, 0.23382189869880676, 0.18825285136699677, 0.16406798362731934, 0.14918634295463562, 0.13447333872318268, 0.12908931076526642, 0.12362591922283173, 0.11346939951181412, 0.10975661128759384, 0.10512901842594147, 0.1015753522515297, 0.09840898215770721, 0.09296586364507675, 0.09463439136743546, 0.09310683608055115, 0.09202945977449417, 0.08487186580896378], "accuracy": [0.5559539794921875, 0.7541045546531677, 0.867144763469696, 0.9096055626869202, 0.9222494959831238, 0.9294206500053406, 0.934327244758606, 0.9409322738647461, 0.9407435655593872, 0.9435742497444153, 0.9482921361923218, 0.9492356777191162, 0.9482921361923218, 0.9520664215087891, 0.9539535641670227, 0.953387439250946, 0.9556519985198975, 0.9554632902145386, 0.9539535641670227, 0.9571617245674133], "val_loss": [0.7323838472366333, 0.6699532866477966, 0.7302606105804443, 0.8435962200164795, 0.8804244995117188, 0.9140380024909973, 0.9412605166435242, 0.969001054763794, 1.0494526624679565, 1.0158051252365112, 1.031488060951233, 1.0614657402038574, 1.0882079601287842, 1.1114459037780762, 1.090198278427124, 1.1255217790603638, 1.2157297134399414, 1.194272518157959, 1.167412281036377, 1.179944634437561], "val_accuracy": [0.652830183506012, 0.7132075428962708, 0.7101886868476868, 0.699622631072998, 0.702641487121582, 0.700377345085144, 0.7094339728355408, 0.702641487121582, 0.6898113489151001, 0.7071698307991028, 0.704150915145874, 0.700377345085144, 0.700377345085144, 0.6966037750244141, 0.698113203048706, 0.6943396329879761, 0.6792452931404114, 0.6830188632011414, 0.6943396329879761, 0.6928302049636841]}, "Model": "{\"class_name\": \"Sequential\", \"config\": {\"name\": \"best_model\", \"layers\": [{\"class_name\": \"InputLayer\", \"config\": {\"batch_input_shape\": [null, 500], \"dtype\": \"float32\", \"sparse\": false, \"ragged\": false, \"name\": \"embedding_2_input\"}}, {\"class_name\": \"Embedding\", \"config\": {\"name\": \"embedding_2\", \"trainable\": true, \"batch_input_shape\": [null, 500], \"dtype\": \"float32\", \"input_dim\": 37433, \"output_dim\": 30, \"embeddings_initializer\": {\"class_name\": \"RandomUniform\", \"config\": {\"minval\": -0.05, \"maxval\": 0.05, \"seed\": null}}, \"embeddings_regularizer\": null, \"activity_regularizer\": null, \"embeddings_constraint\": null, \"mask_zero\": false, \"input_length\": 500}}, {\"class_name\": \"Conv1D\", \"config\": {\"name\": \"conv1d_2\", \"trainable\": true, \"dtype\": \"float32\", \"filters\": 256, \"kernel_size\": [10], \"strides\": [1], \"padding\": \"valid\", \"data_format\": \"channels_last\", \"dilation_rate\": [1], \"groups\": 1, \"activation\": \"relu\", \"use_bias\": true, \"kernel_initializer\": {\"class_name\": \"GlorotUniform\", \"config\": {\"seed\": null}}, \"bias_initializer\": {\"class_name\": \"Zeros\", \"config\": {}}, \"kernel_regularizer\": null, \"bias_regularizer\": null, \"activity_regularizer\": null, \"kernel_constraint\": null, \"bias_constraint\": null}}, {\"class_name\": \"GlobalMaxPooling1D\", \"config\": {\"name\": \"global_max_pooling1d_2\", \"trainable\": true, \"dtype\": \"float32\", \"data_format\": \"channels_last\", \"keepdims\": false}}, {\"class_name\": \"Dense\", \"config\": {\"name\": \"dense_2\", \"trainable\": true, \"dtype\": \"float32\", \"units\": 3, \"activation\": \"softmax\", \"use_bias\": true, \"kernel_initializer\": {\"class_name\": \"GlorotUniform\", \"config\": {\"seed\": null}}, \"bias_initializer\": {\"class_name\": \"Zeros\", \"config\": {}}, \"kernel_regularizer\": null, \"bias_regularizer\": null, \"activity_regularizer\": null, \"kernel_constraint\": null, \"bias_constraint\": null}}]}, \"keras_version\": \"2.8.0\", \"backend\": \"tensorflow\"}", "Vocab size": 37433, "Embedding size": 30, "Max words": 500, "Epochs": 10, "Validation split:": 0.2, "Training time": 191.02939438819885}