{"Date": "28/04/2022", "Time": "08:52:09", "Name": "best_model", "History": {"loss": [1.0209099054336548, 0.9197427034378052, 0.7188135981559753, 0.540052056312561, 0.4082029461860657, 0.30982744693756104, 0.2428339719772339, 0.1967373490333557, 0.16344872117042542, 0.14349761605262756, 0.12489238381385803, 0.11324514448642731, 0.1061604842543602, 0.10056336969137192, 0.09232807159423828, 0.08751363307237625, 0.08321226388216019, 0.08061077445745468, 0.07679537683725357, 0.07496210932731628], "accuracy": [0.4729122221469879, 0.5765318274497986, 0.6924532651901245, 0.7856636047363281, 0.8445706367492676, 0.8857345581054688, 0.9105748534202576, 0.9235864877700806, 0.9363614916801453, 0.9427490234375, 0.9498462080955505, 0.951975405216217, 0.9548143148422241, 0.9564703106880188, 0.9571800231933594, 0.9590726494789124, 0.9619114995002747, 0.9638041257858276, 0.96262127161026, 0.9656966924667358], "val_loss": [0.9928344488143921, 0.8594592213630676, 0.7404469847679138, 0.7023009061813354, 0.6974849104881287, 0.7147551774978638, 0.7436904311180115, 0.7757894396781921, 0.8140631318092346, 0.849797248840332, 0.8698596358299255, 0.8997611999511719, 0.9191805720329285, 0.9467334151268005, 0.960300087928772, 0.9975021481513977, 1.0027495622634888, 1.0322895050048828, 1.0267884731292725, 1.06589937210083], "val_accuracy": [0.48722800612449646, 0.6149479746818542, 0.6802270412445068, 0.6906338930130005, 0.69441819190979, 0.7038788795471191, 0.6982024312019348, 0.7019867300987244, 0.6906338930130005, 0.6982024312019348, 0.6982024312019348, 0.7000945806503296, 0.695364236831665, 0.6972563862800598, 0.7000945806503296, 0.6991485357284546, 0.6896877884864807, 0.7000945806503296, 0.69441819190979, 0.6830652952194214]}, "Model": "{\"class_name\": \"Sequential\", \"config\": {\"name\": \"best_model\", \"layers\": [{\"class_name\": \"InputLayer\", \"config\": {\"batch_input_shape\": [null, 500], \"dtype\": \"float32\", \"sparse\": false, \"ragged\": false, \"name\": \"embedding_3_input\"}}, {\"class_name\": \"Embedding\", \"config\": {\"name\": \"embedding_3\", \"trainable\": true, \"batch_input_shape\": [null, 500], \"dtype\": \"float32\", \"input_dim\": 37237, \"output_dim\": 30, \"embeddings_initializer\": {\"class_name\": \"RandomUniform\", \"config\": {\"minval\": -0.05, \"maxval\": 0.05, \"seed\": null}}, \"embeddings_regularizer\": null, \"activity_regularizer\": null, \"embeddings_constraint\": null, \"mask_zero\": false, \"input_length\": 500}}, {\"class_name\": \"Conv1D\", \"config\": {\"name\": \"conv1d_3\", \"trainable\": true, \"dtype\": \"float32\", \"filters\": 188, \"kernel_size\": [52], \"strides\": [1], \"padding\": \"valid\", \"data_format\": \"channels_last\", \"dilation_rate\": [1], \"groups\": 1, \"activation\": \"relu\", \"use_bias\": true, \"kernel_initializer\": {\"class_name\": \"GlorotUniform\", \"config\": {\"seed\": null}}, \"bias_initializer\": {\"class_name\": \"Zeros\", \"config\": {}}, \"kernel_regularizer\": null, \"bias_regularizer\": null, \"activity_regularizer\": null, \"kernel_constraint\": null, \"bias_constraint\": null}}, {\"class_name\": \"GlobalMaxPooling1D\", \"config\": {\"name\": \"global_max_pooling1d_3\", \"trainable\": true, \"dtype\": \"float32\", \"data_format\": \"channels_last\", \"keepdims\": false}}, {\"class_name\": \"Dense\", \"config\": {\"name\": \"dense_3\", \"trainable\": true, \"dtype\": \"float32\", \"units\": 3, \"activation\": \"softmax\", \"use_bias\": true, \"kernel_initializer\": {\"class_name\": \"GlorotUniform\", \"config\": {\"seed\": null}}, \"bias_initializer\": {\"class_name\": \"Zeros\", \"config\": {}}, \"kernel_regularizer\": null, \"bias_regularizer\": null, \"activity_regularizer\": null, \"kernel_constraint\": null, \"bias_constraint\": null}}]}, \"keras_version\": \"2.8.0\", \"backend\": \"tensorflow\"}", "Vocab size": 37237, "Embedding size": 30, "Max words": 500, "Epochs": 20, "Validation split:": 0.2, "Training time": 376.3693308830261}