{"Date": "27/04/2022", "Time": "14:36:18", "Name": "embeddings_base_256", "History": {"loss": [0.832503616809845, 0.48891493678092957, 0.287431001663208, 0.221692755818367, 0.18613208830356598, 0.17868126928806305, 0.15970675647258759, 0.15256382524967194, 0.1476576179265976, 0.13346552848815918], "accuracy": [0.6201170086860657, 0.8093979954719543, 0.8952632546424866, 0.9203623533248901, 0.9299867749214172, 0.9375354051589966, 0.9431968331336975, 0.9456501007080078, 0.9469711184501648, 0.9518777132034302], "val_loss": [0.6913596987724304, 0.6416841745376587, 0.7071347832679749, 0.7478545904159546, 0.790223240852356, 0.8295729756355286, 0.8196808695793152, 0.8531264662742615, 0.9532948136329651, 0.8762543201446533], "val_accuracy": [0.6883018612861633, 0.7290565967559814, 0.7290565967559814, 0.702641487121582, 0.7139622569084167, 0.7192452549934387, 0.7252830266952515, 0.7086792588233948, 0.6905660629272461, 0.7124528288841248]}, "Model": "{\"class_name\": \"Sequential\", \"config\": {\"name\": \"embeddings_base_256\", \"layers\": [{\"class_name\": \"InputLayer\", \"config\": {\"batch_input_shape\": [null, 500], \"dtype\": \"float32\", \"sparse\": false, \"ragged\": false, \"name\": \"embedding_148_input\"}}, {\"class_name\": \"Embedding\", \"config\": {\"name\": \"embedding_148\", \"trainable\": true, \"batch_input_shape\": [null, 500], \"dtype\": \"float32\", \"input_dim\": 37433, \"output_dim\": 300, \"embeddings_initializer\": {\"class_name\": \"RandomUniform\", \"config\": {\"minval\": -0.05, \"maxval\": 0.05, \"seed\": null}}, \"embeddings_regularizer\": null, \"activity_regularizer\": null, \"embeddings_constraint\": null, \"mask_zero\": false, \"input_length\": 500}}, {\"class_name\": \"Conv1D\", \"config\": {\"name\": \"conv1d_123\", \"trainable\": true, \"dtype\": \"float32\", \"filters\": 256, \"kernel_size\": [3], \"strides\": [1], \"padding\": \"valid\", \"data_format\": \"channels_last\", \"dilation_rate\": [1], \"groups\": 1, \"activation\": \"relu\", \"use_bias\": true, \"kernel_initializer\": {\"class_name\": \"GlorotUniform\", \"config\": {\"seed\": null}}, \"bias_initializer\": {\"class_name\": \"Zeros\", \"config\": {}}, \"kernel_regularizer\": null, \"bias_regularizer\": null, \"activity_regularizer\": null, \"kernel_constraint\": null, \"bias_constraint\": null}}, {\"class_name\": \"GlobalMaxPooling1D\", \"config\": {\"name\": \"global_max_pooling1d_121\", \"trainable\": true, \"dtype\": \"float32\", \"data_format\": \"channels_last\", \"keepdims\": false}}, {\"class_name\": \"Dense\", \"config\": {\"name\": \"dense_210\", \"trainable\": true, \"dtype\": \"float32\", \"units\": 3, \"activation\": \"softmax\", \"use_bias\": true, \"kernel_initializer\": {\"class_name\": \"GlorotUniform\", \"config\": {\"seed\": null}}, \"bias_initializer\": {\"class_name\": \"Zeros\", \"config\": {}}, \"kernel_regularizer\": null, \"bias_regularizer\": null, \"activity_regularizer\": null, \"kernel_constraint\": null, \"bias_constraint\": null}}]}, \"keras_version\": \"2.8.0\", \"backend\": \"tensorflow\"}", "Vocab size": 37433, "Embedding size": 300, "Max words": 500, "Epochs": 10, "Validation split:": 0.2, "Training time": 300.6519491672516}