{"Date": "27/04/2022", "Time": "14:31:17", "Name": "embeddings_base_128", "History": {"loss": [0.8339874148368835, 0.4921085834503174, 0.2954883575439453, 0.22066636383533478, 0.19301427900791168, 0.18129518628120422, 0.16449512541294098, 0.15393590927124023, 0.15414977073669434, 0.13861733675003052], "accuracy": [0.6118135452270508, 0.8105303049087524, 0.8958293795585632, 0.9188526272773743, 0.9277222156524658, 0.9331949353218079, 0.9392338395118713, 0.9445178508758545, 0.9443291425704956, 0.9467824101448059], "val_loss": [0.7064152956008911, 0.6436083316802979, 0.7123737335205078, 0.7932553887367249, 0.7642205953598022, 0.8083492517471313, 0.8458396792411804, 0.8359359502792358, 0.8283801674842834, 0.8521541357040405], "val_accuracy": [0.6807547211647034, 0.7267924547195435, 0.7222641706466675, 0.7064151167869568, 0.7139622569084167, 0.7139622569084167, 0.698867917060852, 0.7109434008598328, 0.7162263989448547, 0.7094339728355408]}, "Model": "{\"class_name\": \"Sequential\", \"config\": {\"name\": \"embeddings_base_128\", \"layers\": [{\"class_name\": \"InputLayer\", \"config\": {\"batch_input_shape\": [null, 500], \"dtype\": \"float32\", \"sparse\": false, \"ragged\": false, \"name\": \"embedding_147_input\"}}, {\"class_name\": \"Embedding\", \"config\": {\"name\": \"embedding_147\", \"trainable\": true, \"batch_input_shape\": [null, 500], \"dtype\": \"float32\", \"input_dim\": 37433, \"output_dim\": 300, \"embeddings_initializer\": {\"class_name\": \"RandomUniform\", \"config\": {\"minval\": -0.05, \"maxval\": 0.05, \"seed\": null}}, \"embeddings_regularizer\": null, \"activity_regularizer\": null, \"embeddings_constraint\": null, \"mask_zero\": false, \"input_length\": 500}}, {\"class_name\": \"Conv1D\", \"config\": {\"name\": \"conv1d_122\", \"trainable\": true, \"dtype\": \"float32\", \"filters\": 128, \"kernel_size\": [3], \"strides\": [1], \"padding\": \"valid\", \"data_format\": \"channels_last\", \"dilation_rate\": [1], \"groups\": 1, \"activation\": \"relu\", \"use_bias\": true, \"kernel_initializer\": {\"class_name\": \"GlorotUniform\", \"config\": {\"seed\": null}}, \"bias_initializer\": {\"class_name\": \"Zeros\", \"config\": {}}, \"kernel_regularizer\": null, \"bias_regularizer\": null, \"activity_regularizer\": null, \"kernel_constraint\": null, \"bias_constraint\": null}}, {\"class_name\": \"GlobalMaxPooling1D\", \"config\": {\"name\": \"global_max_pooling1d_120\", \"trainable\": true, \"dtype\": \"float32\", \"data_format\": \"channels_last\", \"keepdims\": false}}, {\"class_name\": \"Dense\", \"config\": {\"name\": \"dense_209\", \"trainable\": true, \"dtype\": \"float32\", \"units\": 3, \"activation\": \"softmax\", \"use_bias\": true, \"kernel_initializer\": {\"class_name\": \"GlorotUniform\", \"config\": {\"seed\": null}}, \"bias_initializer\": {\"class_name\": \"Zeros\", \"config\": {}}, \"kernel_regularizer\": null, \"bias_regularizer\": null, \"activity_regularizer\": null, \"kernel_constraint\": null, \"bias_constraint\": null}}]}, \"keras_version\": \"2.8.0\", \"backend\": \"tensorflow\"}", "Vocab size": 37433, "Embedding size": 300, "Max words": 500, "Epochs": 10, "Validation split:": 0.2, "Training time": 229.7437708377838}