{"Date": "27/04/2022", "Time": "14:44:06", "Name": "embeddings_base_512", "History": {"loss": [0.8305752277374268, 0.49061286449432373, 0.291341096162796, 0.22406555712223053, 0.19765660166740417, 0.17274197936058044, 0.1641436517238617, 0.15013472735881805, 0.1518709659576416, 0.1291322261095047], "accuracy": [0.6069069504737854, 0.8076995611190796, 0.892055094242096, 0.9188526272773743, 0.9280996322631836, 0.9392338395118713, 0.9394225478172302, 0.9473485350608826, 0.9460275769233704, 0.9518777132034302], "val_loss": [0.6913943886756897, 0.6511736512184143, 0.7092540860176086, 0.7685432434082031, 0.8078913688659668, 0.8344523906707764, 0.8488895893096924, 0.9037685394287109, 0.9322950839996338, 0.9491353034973145], "val_accuracy": [0.6830188632011414, 0.7237735986709595, 0.7116981148719788, 0.7215094566345215, 0.7162263989448547, 0.7245283126831055, 0.7079245448112488, 0.7162263989448547, 0.7056604027748108, 0.7101886868476868]}, "Model": "{\"class_name\": \"Sequential\", \"config\": {\"name\": \"embeddings_base_512\", \"layers\": [{\"class_name\": \"InputLayer\", \"config\": {\"batch_input_shape\": [null, 500], \"dtype\": \"float32\", \"sparse\": false, \"ragged\": false, \"name\": \"embedding_149_input\"}}, {\"class_name\": \"Embedding\", \"config\": {\"name\": \"embedding_149\", \"trainable\": true, \"batch_input_shape\": [null, 500], \"dtype\": \"float32\", \"input_dim\": 37433, \"output_dim\": 300, \"embeddings_initializer\": {\"class_name\": \"RandomUniform\", \"config\": {\"minval\": -0.05, \"maxval\": 0.05, \"seed\": null}}, \"embeddings_regularizer\": null, \"activity_regularizer\": null, \"embeddings_constraint\": null, \"mask_zero\": false, \"input_length\": 500}}, {\"class_name\": \"Conv1D\", \"config\": {\"name\": \"conv1d_124\", \"trainable\": true, \"dtype\": \"float32\", \"filters\": 512, \"kernel_size\": [3], \"strides\": [1], \"padding\": \"valid\", \"data_format\": \"channels_last\", \"dilation_rate\": [1], \"groups\": 1, \"activation\": \"relu\", \"use_bias\": true, \"kernel_initializer\": {\"class_name\": \"GlorotUniform\", \"config\": {\"seed\": null}}, \"bias_initializer\": {\"class_name\": \"Zeros\", \"config\": {}}, \"kernel_regularizer\": null, \"bias_regularizer\": null, \"activity_regularizer\": null, \"kernel_constraint\": null, \"bias_constraint\": null}}, {\"class_name\": \"GlobalMaxPooling1D\", \"config\": {\"name\": \"global_max_pooling1d_122\", \"trainable\": true, \"dtype\": \"float32\", \"data_format\": \"channels_last\", \"keepdims\": false}}, {\"class_name\": \"Dense\", \"config\": {\"name\": \"dense_211\", \"trainable\": true, \"dtype\": \"float32\", \"units\": 3, \"activation\": \"softmax\", \"use_bias\": true, \"kernel_initializer\": {\"class_name\": \"GlorotUniform\", \"config\": {\"seed\": null}}, \"bias_initializer\": {\"class_name\": \"Zeros\", \"config\": {}}, \"kernel_regularizer\": null, \"bias_regularizer\": null, \"activity_regularizer\": null, \"kernel_constraint\": null, \"bias_constraint\": null}}]}, \"keras_version\": \"2.8.0\", \"backend\": \"tensorflow\"}", "Vocab size": 37433, "Embedding size": 300, "Max words": 500, "Epochs": 10, "Validation split:": 0.2, "Training time": 467.68126916885376}