{"Date": "27/04/2022", "Time": "14:27:27", "Name": "embeddings_base_64", "History": {"loss": [0.8589942455291748, 0.5160228610038757, 0.30946242809295654, 0.2235991358757019, 0.19737017154693604, 0.17734940350055695, 0.1697235405445099, 0.154322549700737, 0.15836498141288757, 0.1449154019355774], "accuracy": [0.6018116474151611, 0.8065672516822815, 0.8922438025474548, 0.9196074604988098, 0.9294206500053406, 0.9324401021003723, 0.9348933696746826, 0.9426307082176208, 0.9430081248283386, 0.9430081248283386], "val_loss": [0.7277939319610596, 0.6714044213294983, 0.7143617868423462, 0.7697746753692627, 0.7953360080718994, 0.8163852691650391, 0.8397331237792969, 0.8692486882209778, 0.8668795228004456, 0.8724868297576904], "val_accuracy": [0.6664150953292847, 0.7109434008598328, 0.7101886868476868, 0.7079245448112488, 0.7094339728355408, 0.7154716849327087, 0.7101886868476868, 0.7049056887626648, 0.7071698307991028, 0.7071698307991028]}, "Model": "{\"class_name\": \"Sequential\", \"config\": {\"name\": \"embeddings_base_64\", \"layers\": [{\"class_name\": \"InputLayer\", \"config\": {\"batch_input_shape\": [null, 500], \"dtype\": \"float32\", \"sparse\": false, \"ragged\": false, \"name\": \"embedding_146_input\"}}, {\"class_name\": \"Embedding\", \"config\": {\"name\": \"embedding_146\", \"trainable\": true, \"batch_input_shape\": [null, 500], \"dtype\": \"float32\", \"input_dim\": 37433, \"output_dim\": 300, \"embeddings_initializer\": {\"class_name\": \"RandomUniform\", \"config\": {\"minval\": -0.05, \"maxval\": 0.05, \"seed\": null}}, \"embeddings_regularizer\": null, \"activity_regularizer\": null, \"embeddings_constraint\": null, \"mask_zero\": false, \"input_length\": 500}}, {\"class_name\": \"Conv1D\", \"config\": {\"name\": \"conv1d_121\", \"trainable\": true, \"dtype\": \"float32\", \"filters\": 64, \"kernel_size\": [3], \"strides\": [1], \"padding\": \"valid\", \"data_format\": \"channels_last\", \"dilation_rate\": [1], \"groups\": 1, \"activation\": \"relu\", \"use_bias\": true, \"kernel_initializer\": {\"class_name\": \"GlorotUniform\", \"config\": {\"seed\": null}}, \"bias_initializer\": {\"class_name\": \"Zeros\", \"config\": {}}, \"kernel_regularizer\": null, \"bias_regularizer\": null, \"activity_regularizer\": null, \"kernel_constraint\": null, \"bias_constraint\": null}}, {\"class_name\": \"GlobalMaxPooling1D\", \"config\": {\"name\": \"global_max_pooling1d_119\", \"trainable\": true, \"dtype\": \"float32\", \"data_format\": \"channels_last\", \"keepdims\": false}}, {\"class_name\": \"Dense\", \"config\": {\"name\": \"dense_208\", \"trainable\": true, \"dtype\": \"float32\", \"units\": 3, \"activation\": \"softmax\", \"use_bias\": true, \"kernel_initializer\": {\"class_name\": \"GlorotUniform\", \"config\": {\"seed\": null}}, \"bias_initializer\": {\"class_name\": \"Zeros\", \"config\": {}}, \"kernel_regularizer\": null, \"bias_regularizer\": null, \"activity_regularizer\": null, \"kernel_constraint\": null, \"bias_constraint\": null}}]}, \"keras_version\": \"2.8.0\", \"backend\": \"tensorflow\"}", "Vocab size": 37433, "Embedding size": 300, "Max words": 500, "Epochs": 10, "Validation split:": 0.2, "Training time": 200.770982503891}