{"Date": "27/04/2022", "Time": "14:57:29", "Name": "embeddings_base_1024", "History": {"loss": [0.8095564246177673, 0.48286882042884827, 0.2826943099498749, 0.21618463099002838, 0.19694200158119202, 0.178946390748024, 0.15701298415660858, 0.1444857120513916, 0.13478069007396698, 0.12493958324193954], "accuracy": [0.6155878305435181, 0.8078882694244385, 0.8956406712532043, 0.9231930375099182, 0.9271560907363892, 0.939799964427948, 0.9450839757919312, 0.9469711184501648, 0.9494244456291199, 0.9516890048980713], "val_loss": [0.6676309704780579, 0.6509902477264404, 0.752422571182251, 0.8344868421554565, 0.8911257386207581, 1.0024350881576538, 0.9292490482330322, 0.9767265915870667, 1.0330084562301636, 1.077541470527649], "val_accuracy": [0.704150915145874, 0.7298113107681274, 0.7124528288841248, 0.7094339728355408, 0.7109434008598328, 0.6950943470001221, 0.7094339728355408, 0.699622631072998, 0.6943396329879761, 0.6958490610122681]}, "Model": "{\"class_name\": \"Sequential\", \"config\": {\"name\": \"embeddings_base_1024\", \"layers\": [{\"class_name\": \"InputLayer\", \"config\": {\"batch_input_shape\": [null, 500], \"dtype\": \"float32\", \"sparse\": false, \"ragged\": false, \"name\": \"embedding_150_input\"}}, {\"class_name\": \"Embedding\", \"config\": {\"name\": \"embedding_150\", \"trainable\": true, \"batch_input_shape\": [null, 500], \"dtype\": \"float32\", \"input_dim\": 37433, \"output_dim\": 300, \"embeddings_initializer\": {\"class_name\": \"RandomUniform\", \"config\": {\"minval\": -0.05, \"maxval\": 0.05, \"seed\": null}}, \"embeddings_regularizer\": null, \"activity_regularizer\": null, \"embeddings_constraint\": null, \"mask_zero\": false, \"input_length\": 500}}, {\"class_name\": \"Conv1D\", \"config\": {\"name\": \"conv1d_125\", \"trainable\": true, \"dtype\": \"float32\", \"filters\": 1024, \"kernel_size\": [3], \"strides\": [1], \"padding\": \"valid\", \"data_format\": \"channels_last\", \"dilation_rate\": [1], \"groups\": 1, \"activation\": \"relu\", \"use_bias\": true, \"kernel_initializer\": {\"class_name\": \"GlorotUniform\", \"config\": {\"seed\": null}}, \"bias_initializer\": {\"class_name\": \"Zeros\", \"config\": {}}, \"kernel_regularizer\": null, \"bias_regularizer\": null, \"activity_regularizer\": null, \"kernel_constraint\": null, \"bias_constraint\": null}}, {\"class_name\": \"GlobalMaxPooling1D\", \"config\": {\"name\": \"global_max_pooling1d_123\", \"trainable\": true, \"dtype\": \"float32\", \"data_format\": \"channels_last\", \"keepdims\": false}}, {\"class_name\": \"Dense\", \"config\": {\"name\": \"dense_212\", \"trainable\": true, \"dtype\": \"float32\", \"units\": 3, \"activation\": \"softmax\", \"use_bias\": true, \"kernel_initializer\": {\"class_name\": \"GlorotUniform\", \"config\": {\"seed\": null}}, \"bias_initializer\": {\"class_name\": \"Zeros\", \"config\": {}}, \"kernel_regularizer\": null, \"bias_regularizer\": null, \"activity_regularizer\": null, \"kernel_constraint\": null, \"bias_constraint\": null}}]}, \"keras_version\": \"2.8.0\", \"backend\": \"tensorflow\"}", "Vocab size": 37433, "Embedding size": 300, "Max words": 500, "Epochs": 10, "Validation split:": 0.2, "Training time": 802.5062654018402}