{"Date": "27/04/2022", "Time": "15:23:21", "Name": "embeddings_base_2048", "History": {"loss": [0.7939764857292175, 0.4697116017341614, 0.29968777298927307, 0.22842124104499817, 0.1900171935558319, 0.17403195798397064, 0.15073418617248535, 0.1378774493932724, 0.13055188953876495, 0.1304624378681183], "accuracy": [0.6223815679550171, 0.8082656860351562, 0.8929986953735352, 0.9201736450195312, 0.9345159530639648, 0.9388563632965088, 0.9443291425704956, 0.9486695528030396, 0.9513115882873535, 0.9503679871559143], "val_loss": [0.6636344194412231, 0.6792576313018799, 0.833335816860199, 0.9067578911781311, 0.928312361240387, 1.093174934387207, 1.0077093839645386, 1.123603105545044, 1.0953890085220337, 1.1267943382263184], "val_accuracy": [0.7056604027748108, 0.7124528288841248, 0.698113203048706, 0.698867917060852, 0.703396201133728, 0.6732075214385986, 0.7124528288841248, 0.6905660629272461, 0.6898113489151001, 0.6943396329879761]}, "Model": "{\"class_name\": \"Sequential\", \"config\": {\"name\": \"embeddings_base_2048\", \"layers\": [{\"class_name\": \"InputLayer\", \"config\": {\"batch_input_shape\": [null, 500], \"dtype\": \"float32\", \"sparse\": false, \"ragged\": false, \"name\": \"embedding_151_input\"}}, {\"class_name\": \"Embedding\", \"config\": {\"name\": \"embedding_151\", \"trainable\": true, \"batch_input_shape\": [null, 500], \"dtype\": \"float32\", \"input_dim\": 37433, \"output_dim\": 300, \"embeddings_initializer\": {\"class_name\": \"RandomUniform\", \"config\": {\"minval\": -0.05, \"maxval\": 0.05, \"seed\": null}}, \"embeddings_regularizer\": null, \"activity_regularizer\": null, \"embeddings_constraint\": null, \"mask_zero\": false, \"input_length\": 500}}, {\"class_name\": \"Conv1D\", \"config\": {\"name\": \"conv1d_126\", \"trainable\": true, \"dtype\": \"float32\", \"filters\": 2048, \"kernel_size\": [3], \"strides\": [1], \"padding\": \"valid\", \"data_format\": \"channels_last\", \"dilation_rate\": [1], \"groups\": 1, \"activation\": \"relu\", \"use_bias\": true, \"kernel_initializer\": {\"class_name\": \"GlorotUniform\", \"config\": {\"seed\": null}}, \"bias_initializer\": {\"class_name\": \"Zeros\", \"config\": {}}, \"kernel_regularizer\": null, \"bias_regularizer\": null, \"activity_regularizer\": null, \"kernel_constraint\": null, \"bias_constraint\": null}}, {\"class_name\": \"GlobalMaxPooling1D\", \"config\": {\"name\": \"global_max_pooling1d_124\", \"trainable\": true, \"dtype\": \"float32\", \"data_format\": \"channels_last\", \"keepdims\": false}}, {\"class_name\": \"Dense\", \"config\": {\"name\": \"dense_213\", \"trainable\": true, \"dtype\": \"float32\", \"units\": 3, \"activation\": \"softmax\", \"use_bias\": true, \"kernel_initializer\": {\"class_name\": \"GlorotUniform\", \"config\": {\"seed\": null}}, \"bias_initializer\": {\"class_name\": \"Zeros\", \"config\": {}}, \"kernel_regularizer\": null, \"bias_regularizer\": null, \"activity_regularizer\": null, \"kernel_constraint\": null, \"bias_constraint\": null}}]}, \"keras_version\": \"2.8.0\", \"backend\": \"tensorflow\"}", "Vocab size": 37433, "Embedding size": 300, "Max words": 500, "Epochs": 10, "Validation split:": 0.2, "Training time": 1552.1024713516235}