{"Date": "27/04/2022", "Time": "13:50:36", "Name": "rusvectores_embedding_64", "History": {"loss": [0.9069406390190125, 0.6722171902656555, 0.5720542669296265, 0.4855504631996155, 0.42438188195228577, 0.3631763756275177, 0.3214445114135742, 0.2857109606266022, 0.2643352448940277, 0.2392968088388443], "accuracy": [0.5635025501251221, 0.7082468271255493, 0.7680694460868835, 0.8116625547409058, 0.8390262126922607, 0.8756369352340698, 0.8879033923149109, 0.9048877358436584, 0.9128137230873108, 0.9158331751823425], "val_loss": [0.8218879699707031, 0.7730749845504761, 0.7785480618476868, 0.7669643759727478, 0.8455714583396912, 0.8500073552131653, 0.8932688236236572, 0.8456928133964539, 0.8755806684494019, 0.8867347836494446], "val_accuracy": [0.6000000238418579, 0.649811327457428, 0.6339622735977173, 0.6694339513778687, 0.6173585057258606, 0.6233962178230286, 0.6256603598594666, 0.652075469493866, 0.648301899433136, 0.655849039554596]}, "Model": "{\"class_name\": \"Sequential\", \"config\": {\"name\": \"rusvectores_embedding_64\", \"layers\": [{\"class_name\": \"InputLayer\", \"config\": {\"batch_input_shape\": [null, 500], \"dtype\": \"float32\", \"sparse\": false, \"ragged\": false, \"name\": \"embedding_140_input\"}}, {\"class_name\": \"Embedding\", \"config\": {\"name\": \"embedding_140\", \"trainable\": false, \"batch_input_shape\": [null, 500], \"dtype\": \"float32\", \"input_dim\": 37433, \"output_dim\": 300, \"embeddings_initializer\": {\"class_name\": \"RandomUniform\", \"config\": {\"minval\": -0.05, \"maxval\": 0.05, \"seed\": null}}, \"embeddings_regularizer\": null, \"activity_regularizer\": null, \"embeddings_constraint\": null, \"mask_zero\": false, \"input_length\": 500}}, {\"class_name\": \"Conv1D\", \"config\": {\"name\": \"conv1d_115\", \"trainable\": true, \"dtype\": \"float32\", \"filters\": 64, \"kernel_size\": [3], \"strides\": [1], \"padding\": \"valid\", \"data_format\": \"channels_last\", \"dilation_rate\": [1], \"groups\": 1, \"activation\": \"relu\", \"use_bias\": true, \"kernel_initializer\": {\"class_name\": \"GlorotUniform\", \"config\": {\"seed\": null}}, \"bias_initializer\": {\"class_name\": \"Zeros\", \"config\": {}}, \"kernel_regularizer\": null, \"bias_regularizer\": null, \"activity_regularizer\": null, \"kernel_constraint\": null, \"bias_constraint\": null}}, {\"class_name\": \"GlobalMaxPooling1D\", \"config\": {\"name\": \"global_max_pooling1d_113\", \"trainable\": true, \"dtype\": \"float32\", \"data_format\": \"channels_last\", \"keepdims\": false}}, {\"class_name\": \"Dense\", \"config\": {\"name\": \"dense_202\", \"trainable\": true, \"dtype\": \"float32\", \"units\": 3, \"activation\": \"softmax\", \"use_bias\": true, \"kernel_initializer\": {\"class_name\": \"GlorotUniform\", \"config\": {\"seed\": null}}, \"bias_initializer\": {\"class_name\": \"Zeros\", \"config\": {}}, \"kernel_regularizer\": null, \"bias_regularizer\": null, \"activity_regularizer\": null, \"kernel_constraint\": null, \"bias_constraint\": null}}]}, \"keras_version\": \"2.8.0\", \"backend\": \"tensorflow\"}", "Vocab size": 37433, "Embedding size": 300, "Max words": 500, "Epochs": 10, "Validation split:": 0.2, "Training time": 58.842315435409546}