{"Date": "27/04/2022", "Time": "14:24:05", "Name": "rusvectores_embedding_2048", "History": {"loss": [0.9572660326957703, 0.5891819000244141, 0.46938931941986084, 0.37667471170425415, 0.35358625650405884, 0.3096449375152588, 0.34309694170951843, 0.3105331361293793, 0.2792174518108368, 0.2713606357574463], "accuracy": [0.5838837623596191, 0.7552368640899658, 0.8220418691635132, 0.8580864071846008, 0.8799773454666138, 0.8973391056060791, 0.883751630783081, 0.9050764441490173, 0.9154557585716248, 0.9139460325241089], "val_loss": [0.7895340919494629, 0.8238068222999573, 0.8788074254989624, 0.9235952496528625, 1.0538462400436401, 1.1640727519989014, 1.105026125907898, 1.0810589790344238, 1.1616814136505127, 1.1101528406143188], "val_accuracy": [0.648301899433136, 0.6415094137191772, 0.6437735557556152, 0.6422641277313232, 0.650566041469574, 0.5947169661521912, 0.645283043384552, 0.6407546997070312, 0.648301899433136, 0.649056613445282]}, "Model": "{\"class_name\": \"Sequential\", \"config\": {\"name\": \"rusvectores_embedding_2048\", \"layers\": [{\"class_name\": \"InputLayer\", \"config\": {\"batch_input_shape\": [null, 500], \"dtype\": \"float32\", \"sparse\": false, \"ragged\": false, \"name\": \"embedding_145_input\"}}, {\"class_name\": \"Embedding\", \"config\": {\"name\": \"embedding_145\", \"trainable\": false, \"batch_input_shape\": [null, 500], \"dtype\": \"float32\", \"input_dim\": 37433, \"output_dim\": 300, \"embeddings_initializer\": {\"class_name\": \"RandomUniform\", \"config\": {\"minval\": -0.05, \"maxval\": 0.05, \"seed\": null}}, \"embeddings_regularizer\": null, \"activity_regularizer\": null, \"embeddings_constraint\": null, \"mask_zero\": false, \"input_length\": 500}}, {\"class_name\": \"Conv1D\", \"config\": {\"name\": \"conv1d_120\", \"trainable\": true, \"dtype\": \"float32\", \"filters\": 2048, \"kernel_size\": [3], \"strides\": [1], \"padding\": \"valid\", \"data_format\": \"channels_last\", \"dilation_rate\": [1], \"groups\": 1, \"activation\": \"relu\", \"use_bias\": true, \"kernel_initializer\": {\"class_name\": \"GlorotUniform\", \"config\": {\"seed\": null}}, \"bias_initializer\": {\"class_name\": \"Zeros\", \"config\": {}}, \"kernel_regularizer\": null, \"bias_regularizer\": null, \"activity_regularizer\": null, \"kernel_constraint\": null, \"bias_constraint\": null}}, {\"class_name\": \"GlobalMaxPooling1D\", \"config\": {\"name\": \"global_max_pooling1d_118\", \"trainable\": true, \"dtype\": \"float32\", \"data_format\": \"channels_last\", \"keepdims\": false}}, {\"class_name\": \"Dense\", \"config\": {\"name\": \"dense_207\", \"trainable\": true, \"dtype\": \"float32\", \"units\": 3, \"activation\": \"softmax\", \"use_bias\": true, \"kernel_initializer\": {\"class_name\": \"GlorotUniform\", \"config\": {\"seed\": null}}, \"bias_initializer\": {\"class_name\": \"Zeros\", \"config\": {}}, \"kernel_regularizer\": null, \"bias_regularizer\": null, \"activity_regularizer\": null, \"kernel_constraint\": null, \"bias_constraint\": null}}]}, \"keras_version\": \"2.8.0\", \"backend\": \"tensorflow\"}", "Vocab size": 37433, "Embedding size": 300, "Max words": 500, "Epochs": 10, "Validation split:": 0.2, "Training time": 1021.3522946834564}