{"Date": "27/04/2022", "Time": "13:52:02", "Name": "rusvectores_embedding_128", "History": {"loss": [0.8660390973091125, 0.619970977306366, 0.4918479323387146, 0.40321624279022217, 0.342991441488266, 0.29998332262039185, 0.27162668108940125, 0.24641361832618713, 0.2321442812681198, 0.23259495198726654], "accuracy": [0.5876580476760864, 0.7341007590293884, 0.8063785433769226, 0.8571428656578064, 0.8780902028083801, 0.9020569920539856, 0.9067748785018921, 0.9199848771095276, 0.9203623533248901, 0.9209284782409668], "val_loss": [0.8416438698768616, 0.7746155261993408, 0.7684773206710815, 0.8065423369407654, 0.8146505355834961, 0.8420813679695129, 0.8714985847473145, 0.9962015151977539, 0.9466624855995178, 1.0364357233047485], "val_accuracy": [0.5901886820793152, 0.6437735557556152, 0.653584897518158, 0.646792471408844, 0.654339611530304, 0.6437735557556152, 0.654339611530304, 0.6098113059997559, 0.652075469493866, 0.6249056458473206]}, "Model": "{\"class_name\": \"Sequential\", \"config\": {\"name\": \"rusvectores_embedding_128\", \"layers\": [{\"class_name\": \"InputLayer\", \"config\": {\"batch_input_shape\": [null, 500], \"dtype\": \"float32\", \"sparse\": false, \"ragged\": false, \"name\": \"embedding_141_input\"}}, {\"class_name\": \"Embedding\", \"config\": {\"name\": \"embedding_141\", \"trainable\": false, \"batch_input_shape\": [null, 500], \"dtype\": \"float32\", \"input_dim\": 37433, \"output_dim\": 300, \"embeddings_initializer\": {\"class_name\": \"RandomUniform\", \"config\": {\"minval\": -0.05, \"maxval\": 0.05, \"seed\": null}}, \"embeddings_regularizer\": null, \"activity_regularizer\": null, \"embeddings_constraint\": null, \"mask_zero\": false, \"input_length\": 500}}, {\"class_name\": \"Conv1D\", \"config\": {\"name\": \"conv1d_116\", \"trainable\": true, \"dtype\": \"float32\", \"filters\": 128, \"kernel_size\": [3], \"strides\": [1], \"padding\": \"valid\", \"data_format\": \"channels_last\", \"dilation_rate\": [1], \"groups\": 1, \"activation\": \"relu\", \"use_bias\": true, \"kernel_initializer\": {\"class_name\": \"GlorotUniform\", \"config\": {\"seed\": null}}, \"bias_initializer\": {\"class_name\": \"Zeros\", \"config\": {}}, \"kernel_regularizer\": null, \"bias_regularizer\": null, \"activity_regularizer\": null, \"kernel_constraint\": null, \"bias_constraint\": null}}, {\"class_name\": \"GlobalMaxPooling1D\", \"config\": {\"name\": \"global_max_pooling1d_114\", \"trainable\": true, \"dtype\": \"float32\", \"data_format\": \"channels_last\", \"keepdims\": false}}, {\"class_name\": \"Dense\", \"config\": {\"name\": \"dense_203\", \"trainable\": true, \"dtype\": \"float32\", \"units\": 3, \"activation\": \"softmax\", \"use_bias\": true, \"kernel_initializer\": {\"class_name\": \"GlorotUniform\", \"config\": {\"seed\": null}}, \"bias_initializer\": {\"class_name\": \"Zeros\", \"config\": {}}, \"kernel_regularizer\": null, \"bias_regularizer\": null, \"activity_regularizer\": null, \"kernel_constraint\": null, \"bias_constraint\": null}}]}, \"keras_version\": \"2.8.0\", \"backend\": \"tensorflow\"}", "Vocab size": 37433, "Embedding size": 300, "Max words": 500, "Epochs": 10, "Validation split:": 0.2, "Training time": 85.73608255386353}