{"Date": "27/04/2022", "Time": "14:07:03", "Name": "rusvectores_embedding_1024", "History": {"loss": [0.9040084481239319, 0.5579541921615601, 0.43862348794937134, 0.363896906375885, 0.3293958306312561, 0.34561410546302795, 0.3088337779045105, 0.2825746238231659, 0.2782399356365204, 0.275249719619751], "accuracy": [0.597848653793335, 0.7709001898765564, 0.830534040927887, 0.8684657216072083, 0.8926212787628174, 0.8814870715141296, 0.8980939984321594, 0.908284604549408, 0.911115288734436, 0.9109265804290771], "val_loss": [0.7913099527359009, 0.8950293660163879, 0.8406409621238708, 0.891941487789154, 1.2077800035476685, 0.9710441827774048, 1.3703759908676147, 1.0453274250030518, 1.0893032550811768, 1.3349581956863403], "val_accuracy": [0.650566041469574, 0.6241509318351746, 0.6747170090675354, 0.6656603813171387, 0.6015094518661499, 0.6724528074264526, 0.6037735939025879, 0.64754718542099, 0.6332075595855713, 0.6354717016220093]}, "Model": "{\"class_name\": \"Sequential\", \"config\": {\"name\": \"rusvectores_embedding_1024\", \"layers\": [{\"class_name\": \"InputLayer\", \"config\": {\"batch_input_shape\": [null, 500], \"dtype\": \"float32\", \"sparse\": false, \"ragged\": false, \"name\": \"embedding_144_input\"}}, {\"class_name\": \"Embedding\", \"config\": {\"name\": \"embedding_144\", \"trainable\": false, \"batch_input_shape\": [null, 500], \"dtype\": \"float32\", \"input_dim\": 37433, \"output_dim\": 300, \"embeddings_initializer\": {\"class_name\": \"RandomUniform\", \"config\": {\"minval\": -0.05, \"maxval\": 0.05, \"seed\": null}}, \"embeddings_regularizer\": null, \"activity_regularizer\": null, \"embeddings_constraint\": null, \"mask_zero\": false, \"input_length\": 500}}, {\"class_name\": \"Conv1D\", \"config\": {\"name\": \"conv1d_119\", \"trainable\": true, \"dtype\": \"float32\", \"filters\": 1024, \"kernel_size\": [3], \"strides\": [1], \"padding\": \"valid\", \"data_format\": \"channels_last\", \"dilation_rate\": [1], \"groups\": 1, \"activation\": \"relu\", \"use_bias\": true, \"kernel_initializer\": {\"class_name\": \"GlorotUniform\", \"config\": {\"seed\": null}}, \"bias_initializer\": {\"class_name\": \"Zeros\", \"config\": {}}, \"kernel_regularizer\": null, \"bias_regularizer\": null, \"activity_regularizer\": null, \"kernel_constraint\": null, \"bias_constraint\": null}}, {\"class_name\": \"GlobalMaxPooling1D\", \"config\": {\"name\": \"global_max_pooling1d_117\", \"trainable\": true, \"dtype\": \"float32\", \"data_format\": \"channels_last\", \"keepdims\": false}}, {\"class_name\": \"Dense\", \"config\": {\"name\": \"dense_206\", \"trainable\": true, \"dtype\": \"float32\", \"units\": 3, \"activation\": \"softmax\", \"use_bias\": true, \"kernel_initializer\": {\"class_name\": \"GlorotUniform\", \"config\": {\"seed\": null}}, \"bias_initializer\": {\"class_name\": \"Zeros\", \"config\": {}}, \"kernel_regularizer\": null, \"bias_regularizer\": null, \"activity_regularizer\": null, \"kernel_constraint\": null, \"bias_constraint\": null}}]}, \"keras_version\": \"2.8.0\", \"backend\": \"tensorflow\"}", "Vocab size": 37433, "Embedding size": 300, "Max words": 500, "Epochs": 10, "Validation split:": 0.2, "Training time": 494.68651700019836}