{"Date": "27/04/2022", "Time": "13:58:48", "Name": "rusvectores_embedding_512", "History": {"loss": [0.8732622265815735, 0.5537779927253723, 0.4416956901550293, 0.3497498333454132, 0.29569825530052185, 0.2996256649494171, 0.28241291642189026, 0.26776230335235596, 0.23925189673900604, 0.24627532064914703], "accuracy": [0.5993583798408508, 0.7724099159240723, 0.8280807733535767, 0.8726174831390381, 0.9024344086647034, 0.9016795754432678, 0.9048877358436584, 0.9135686159133911, 0.9245140552520752, 0.9252689480781555], "val_loss": [0.7927148342132568, 0.8649583458900452, 0.8204588294029236, 0.8750125169754028, 0.9180264472961426, 0.9697697758674622, 0.9855020046234131, 1.0044807195663452, 1.0381242036819458, 1.1101160049438477], "val_accuracy": [0.6347169876098633, 0.646792471408844, 0.6596226692199707, 0.65509432554245, 0.6588678956031799, 0.648301899433136, 0.65509432554245, 0.6656603813171387, 0.648301899433136, 0.646037757396698]}, "Model": "{\"class_name\": \"Sequential\", \"config\": {\"name\": \"rusvectores_embedding_512\", \"layers\": [{\"class_name\": \"InputLayer\", \"config\": {\"batch_input_shape\": [null, 500], \"dtype\": \"float32\", \"sparse\": false, \"ragged\": false, \"name\": \"embedding_143_input\"}}, {\"class_name\": \"Embedding\", \"config\": {\"name\": \"embedding_143\", \"trainable\": false, \"batch_input_shape\": [null, 500], \"dtype\": \"float32\", \"input_dim\": 37433, \"output_dim\": 300, \"embeddings_initializer\": {\"class_name\": \"RandomUniform\", \"config\": {\"minval\": -0.05, \"maxval\": 0.05, \"seed\": null}}, \"embeddings_regularizer\": null, \"activity_regularizer\": null, \"embeddings_constraint\": null, \"mask_zero\": false, \"input_length\": 500}}, {\"class_name\": \"Conv1D\", \"config\": {\"name\": \"conv1d_118\", \"trainable\": true, \"dtype\": \"float32\", \"filters\": 512, \"kernel_size\": [3], \"strides\": [1], \"padding\": \"valid\", \"data_format\": \"channels_last\", \"dilation_rate\": [1], \"groups\": 1, \"activation\": \"relu\", \"use_bias\": true, \"kernel_initializer\": {\"class_name\": \"GlorotUniform\", \"config\": {\"seed\": null}}, \"bias_initializer\": {\"class_name\": \"Zeros\", \"config\": {}}, \"kernel_regularizer\": null, \"bias_regularizer\": null, \"activity_regularizer\": null, \"kernel_constraint\": null, \"bias_constraint\": null}}, {\"class_name\": \"GlobalMaxPooling1D\", \"config\": {\"name\": \"global_max_pooling1d_116\", \"trainable\": true, \"dtype\": \"float32\", \"data_format\": \"channels_last\", \"keepdims\": false}}, {\"class_name\": \"Dense\", \"config\": {\"name\": \"dense_205\", \"trainable\": true, \"dtype\": \"float32\", \"units\": 3, \"activation\": \"softmax\", \"use_bias\": true, \"kernel_initializer\": {\"class_name\": \"GlorotUniform\", \"config\": {\"seed\": null}}, \"bias_initializer\": {\"class_name\": \"Zeros\", \"config\": {}}, \"kernel_regularizer\": null, \"bias_regularizer\": null, \"activity_regularizer\": null, \"kernel_constraint\": null, \"bias_constraint\": null}}]}, \"keras_version\": \"2.8.0\", \"backend\": \"tensorflow\"}", "Vocab size": 37433, "Embedding size": 300, "Max words": 500, "Epochs": 10, "Validation split:": 0.2, "Training time": 260.0980372428894}