{"Date": "27/04/2022", "Time": "13:54:28", "Name": "rusvectores_embedding_256", "History": {"loss": [0.8787586092948914, 0.5801379680633545, 0.4571094810962677, 0.3858673572540283, 0.3048561215400696, 0.29225218296051025, 0.2759389877319336, 0.25053173303604126, 0.22834888100624084, 0.23491999506950378], "accuracy": [0.5874693393707275, 0.7569352984428406, 0.8241177797317505, 0.8599736094474792, 0.8948858380317688, 0.9037554264068604, 0.9067748785018921, 0.9143234491348267, 0.9247027635574341, 0.9216833114624023], "val_loss": [0.7665126919746399, 0.8082162737846375, 0.7789693474769592, 0.8049734830856323, 0.8609877228736877, 0.86822909116745, 0.9716525077819824, 0.9885963201522827, 0.9944789409637451, 1.0840858221054077], "val_accuracy": [0.6581131815910339, 0.6143396496772766, 0.654339611530304, 0.6399999856948853, 0.652830183506012, 0.6392452716827393, 0.6203773617744446, 0.6407546997070312, 0.6415094137191772, 0.6399999856948853]}, "Model": "{\"class_name\": \"Sequential\", \"config\": {\"name\": \"rusvectores_embedding_256\", \"layers\": [{\"class_name\": \"InputLayer\", \"config\": {\"batch_input_shape\": [null, 500], \"dtype\": \"float32\", \"sparse\": false, \"ragged\": false, \"name\": \"embedding_142_input\"}}, {\"class_name\": \"Embedding\", \"config\": {\"name\": \"embedding_142\", \"trainable\": false, \"batch_input_shape\": [null, 500], \"dtype\": \"float32\", \"input_dim\": 37433, \"output_dim\": 300, \"embeddings_initializer\": {\"class_name\": \"RandomUniform\", \"config\": {\"minval\": -0.05, \"maxval\": 0.05, \"seed\": null}}, \"embeddings_regularizer\": null, \"activity_regularizer\": null, \"embeddings_constraint\": null, \"mask_zero\": false, \"input_length\": 500}}, {\"class_name\": \"Conv1D\", \"config\": {\"name\": \"conv1d_117\", \"trainable\": true, \"dtype\": \"float32\", \"filters\": 256, \"kernel_size\": [3], \"strides\": [1], \"padding\": \"valid\", \"data_format\": \"channels_last\", \"dilation_rate\": [1], \"groups\": 1, \"activation\": \"relu\", \"use_bias\": true, \"kernel_initializer\": {\"class_name\": \"GlorotUniform\", \"config\": {\"seed\": null}}, \"bias_initializer\": {\"class_name\": \"Zeros\", \"config\": {}}, \"kernel_regularizer\": null, \"bias_regularizer\": null, \"activity_regularizer\": null, \"kernel_constraint\": null, \"bias_constraint\": null}}, {\"class_name\": \"GlobalMaxPooling1D\", \"config\": {\"name\": \"global_max_pooling1d_115\", \"trainable\": true, \"dtype\": \"float32\", \"data_format\": \"channels_last\", \"keepdims\": false}}, {\"class_name\": \"Dense\", \"config\": {\"name\": \"dense_204\", \"trainable\": true, \"dtype\": \"float32\", \"units\": 3, \"activation\": \"softmax\", \"use_bias\": true, \"kernel_initializer\": {\"class_name\": \"GlorotUniform\", \"config\": {\"seed\": null}}, \"bias_initializer\": {\"class_name\": \"Zeros\", \"config\": {}}, \"kernel_regularizer\": null, \"bias_regularizer\": null, \"activity_regularizer\": null, \"kernel_constraint\": null, \"bias_constraint\": null}}]}, \"keras_version\": \"2.8.0\", \"backend\": \"tensorflow\"}", "Vocab size": 37433, "Embedding size": 300, "Max words": 500, "Epochs": 10, "Validation split:": 0.2, "Training time": 144.83177399635315}