{"Date": "27/04/2022", "Time": "11:24:15", "Name": "three_layer_cnn_4", "History": {"loss": [1.6187210083007812, 1.2214815616607666, 1.060019850730896, 0.923984706401825, 0.8127962350845337, 0.7176799774169922, 0.6071797609329224, 0.519010066986084, 0.4450323283672333, 0.418912798166275], "accuracy": [0.37252312898635864, 0.4353651702404022, 0.463672399520874, 0.5406680703163147, 0.6186072826385498, 0.6822041869163513, 0.7397622466087341, 0.792036235332489, 0.831855058670044, 0.8426117897033691], "val_loss": [1.0515230894088745, 1.0127040147781372, 0.9714869260787964, 0.8721210956573486, 0.7780925631523132, 0.7652738690376282, 0.7726220488548279, 0.815855860710144, 0.8287248611450195, 0.8286938667297363], "val_accuracy": [0.4573584794998169, 0.4573584794998169, 0.4686792492866516, 0.5652830004692078, 0.6249056458473206, 0.654339611530304, 0.652830183506012, 0.649056613445282, 0.6716980934143066, 0.6800000071525574]}, "Model": "{\"class_name\": \"Sequential\", \"config\": {\"name\": \"three_layer_cnn_4\", \"layers\": [{\"class_name\": \"InputLayer\", \"config\": {\"batch_input_shape\": [null, 500], \"dtype\": \"float32\", \"sparse\": false, \"ragged\": false, \"name\": \"embedding_67_input\"}}, {\"class_name\": \"Embedding\", \"config\": {\"name\": \"embedding_67\", \"trainable\": true, \"batch_input_shape\": [null, 500], \"dtype\": \"float32\", \"input_dim\": 37433, \"output_dim\": 30, \"embeddings_initializer\": {\"class_name\": \"RandomUniform\", \"config\": {\"minval\": -0.05, \"maxval\": 0.05, \"seed\": null}}, \"embeddings_regularizer\": null, \"activity_regularizer\": null, \"embeddings_constraint\": null, \"mask_zero\": false, \"input_length\": 500}}, {\"class_name\": \"Conv1D\", \"config\": {\"name\": \"conv1d_43\", \"trainable\": true, \"dtype\": \"float32\", \"filters\": 512, \"kernel_size\": [3], \"strides\": [1], \"padding\": \"valid\", \"data_format\": \"channels_last\", \"dilation_rate\": [1], \"groups\": 1, \"activation\": \"relu\", \"use_bias\": true, \"kernel_initializer\": {\"class_name\": \"GlorotUniform\", \"config\": {\"seed\": null}}, \"bias_initializer\": {\"class_name\": \"Zeros\", \"config\": {}}, \"kernel_regularizer\": null, \"bias_regularizer\": null, \"activity_regularizer\": null, \"kernel_constraint\": null, \"bias_constraint\": null}}, {\"class_name\": \"GlobalMaxPooling1D\", \"config\": {\"name\": \"global_max_pooling1d_41\", \"trainable\": true, \"dtype\": \"float32\", \"data_format\": \"channels_last\", \"keepdims\": false}}, {\"class_name\": \"BatchNormalization\", \"config\": {\"name\": \"batch_normalization_32\", \"trainable\": true, \"dtype\": \"float32\", \"axis\": [1], \"momentum\": 0.99, \"epsilon\": 0.001, \"center\": true, \"scale\": true, \"beta_initializer\": {\"class_name\": \"Zeros\", \"config\": {}}, \"gamma_initializer\": {\"class_name\": \"Ones\", \"config\": {}}, \"moving_mean_initializer\": {\"class_name\": \"Zeros\", \"config\": {}}, \"moving_variance_initializer\": {\"class_name\": \"Ones\", \"config\": {}}, \"beta_regularizer\": null, \"gamma_regularizer\": null, \"beta_constraint\": null, \"gamma_constraint\": null}}, {\"class_name\": \"Dropout\", \"config\": {\"name\": \"dropout_51\", \"trainable\": true, \"dtype\": \"float32\", \"rate\": 0.5, \"noise_shape\": null, \"seed\": null}}, {\"class_name\": \"Dense\", \"config\": {\"name\": \"dense_77\", \"trainable\": true, \"dtype\": \"float32\", \"units\": 256, \"activation\": \"relu\", \"use_bias\": true, \"kernel_initializer\": {\"class_name\": \"GlorotUniform\", \"config\": {\"seed\": null}}, \"bias_initializer\": {\"class_name\": \"Zeros\", \"config\": {}}, \"kernel_regularizer\": null, \"bias_regularizer\": null, \"activity_regularizer\": null, \"kernel_constraint\": null, \"bias_constraint\": null}}, {\"class_name\": \"Dropout\", \"config\": {\"name\": \"dropout_52\", \"trainable\": true, \"dtype\": \"float32\", \"rate\": 0.5, \"noise_shape\": null, \"seed\": null}}, {\"class_name\": \"BatchNormalization\", \"config\": {\"name\": \"batch_normalization_33\", \"trainable\": true, \"dtype\": \"float32\", \"axis\": [1], \"momentum\": 0.99, \"epsilon\": 0.001, \"center\": true, \"scale\": true, \"beta_initializer\": {\"class_name\": \"Zeros\", \"config\": {}}, \"gamma_initializer\": {\"class_name\": \"Ones\", \"config\": {}}, \"moving_mean_initializer\": {\"class_name\": \"Zeros\", \"config\": {}}, \"moving_variance_initializer\": {\"class_name\": \"Ones\", \"config\": {}}, \"beta_regularizer\": null, \"gamma_regularizer\": null, \"beta_constraint\": null, \"gamma_constraint\": null}}, {\"class_name\": \"Dropout\", \"config\": {\"name\": \"dropout_53\", \"trainable\": true, \"dtype\": \"float32\", \"rate\": 0.5, \"noise_shape\": null, \"seed\": null}}, {\"class_name\": \"Dense\", \"config\": {\"name\": \"dense_78\", \"trainable\": true, \"dtype\": \"float32\", \"units\": 257, \"activation\": \"relu\", \"use_bias\": true, \"kernel_initializer\": {\"class_name\": \"GlorotUniform\", \"config\": {\"seed\": null}}, \"bias_initializer\": {\"class_name\": \"Zeros\", \"config\": {}}, \"kernel_regularizer\": null, \"bias_regularizer\": null, \"activity_regularizer\": null, \"kernel_constraint\": null, \"bias_constraint\": null}}, {\"class_name\": \"Dropout\", \"config\": {\"name\": \"dropout_54\", \"trainable\": true, \"dtype\": \"float32\", \"rate\": 0.5, \"noise_shape\": null, \"seed\": null}}, {\"class_name\": \"BatchNormalization\", \"config\": {\"name\": \"batch_normalization_34\", \"trainable\": true, \"dtype\": \"float32\", \"axis\": [1], \"momentum\": 0.99, \"epsilon\": 0.001, \"center\": true, \"scale\": true, \"beta_initializer\": {\"class_name\": \"Zeros\", \"config\": {}}, \"gamma_initializer\": {\"class_name\": \"Ones\", \"config\": {}}, \"moving_mean_initializer\": {\"class_name\": \"Zeros\", \"config\": {}}, \"moving_variance_initializer\": {\"class_name\": \"Ones\", \"config\": {}}, \"beta_regularizer\": null, \"gamma_regularizer\": null, \"beta_constraint\": null, \"gamma_constraint\": null}}, {\"class_name\": \"Dropout\", \"config\": {\"name\": \"dropout_55\", \"trainable\": true, \"dtype\": \"float32\", \"rate\": 0.5, \"noise_shape\": null, \"seed\": null}}, {\"class_name\": \"Dense\", \"config\": {\"name\": \"dense_79\", \"trainable\": true, \"dtype\": \"float32\", \"units\": 3, \"activation\": \"softmax\", \"use_bias\": true, \"kernel_initializer\": {\"class_name\": \"GlorotUniform\", \"config\": {\"seed\": null}}, \"bias_initializer\": {\"class_name\": \"Zeros\", \"config\": {}}, \"kernel_regularizer\": null, \"bias_regularizer\": null, \"activity_regularizer\": null, \"kernel_constraint\": null, \"bias_constraint\": null}}]}, \"keras_version\": \"2.8.0\", \"backend\": \"tensorflow\"}", "Vocab size": 37433, "Embedding size": 30, "Max words": 500, "Epochs": 10, "Validation split:": 0.2, "Training time": 108.7167136669159}