{"Date": "28/04/2022", "Time": "09:16:05", "Name": "three_layer_cnn_3", "History": {"loss": [1.1031272411346436, 1.0657174587249756, 1.0389933586120605, 1.0273563861846924, 1.0230016708374023, 1.0182615518569946, 1.01258385181427, 1.0133368968963623, 1.010966420173645, 1.010095238685608], "accuracy": [0.43080198764801025, 0.4492547810077667, 0.47811686992645264, 0.47906315326690674, 0.4788265824317932, 0.4788265824317932, 0.4788265824317932, 0.4788265824317932, 0.4788265824317932, 0.4788265824317932], "val_loss": [1.0671632289886475, 1.0438905954360962, 1.0284212827682495, 1.0188246965408325, 1.0116095542907715, 1.0071953535079956, 1.0058461427688599, 1.0030103921890259, 1.0007777214050293, 0.9969668388366699], "val_accuracy": [0.48155155777931213, 0.48155155777931213, 0.48155155777931213, 0.48155155777931213, 0.48155155777931213, 0.48155155777931213, 0.48155155777931213, 0.48155155777931213, 0.48155155777931213, 0.48155155777931213]}, "Model": "{\"class_name\": \"Sequential\", \"config\": {\"name\": \"three_layer_cnn_3\", \"layers\": [{\"class_name\": \"InputLayer\", \"config\": {\"batch_input_shape\": [null, 500], \"dtype\": \"float32\", \"sparse\": false, \"ragged\": false, \"name\": \"embedding_9_input\"}}, {\"class_name\": \"Embedding\", \"config\": {\"name\": \"embedding_9\", \"trainable\": true, \"batch_input_shape\": [null, 500], \"dtype\": \"float32\", \"input_dim\": 37237, \"output_dim\": 30, \"embeddings_initializer\": {\"class_name\": \"RandomUniform\", \"config\": {\"minval\": -0.05, \"maxval\": 0.05, \"seed\": null}}, \"embeddings_regularizer\": null, \"activity_regularizer\": null, \"embeddings_constraint\": null, \"mask_zero\": false, \"input_length\": 500}}, {\"class_name\": \"Conv1D\", \"config\": {\"name\": \"conv1d_9\", \"trainable\": true, \"dtype\": \"float32\", \"filters\": 512, \"kernel_size\": [3], \"strides\": [1], \"padding\": \"valid\", \"data_format\": \"channels_last\", \"dilation_rate\": [1], \"groups\": 1, \"activation\": \"relu\", \"use_bias\": true, \"kernel_initializer\": {\"class_name\": \"GlorotUniform\", \"config\": {\"seed\": null}}, \"bias_initializer\": {\"class_name\": \"Zeros\", \"config\": {}}, \"kernel_regularizer\": null, \"bias_regularizer\": null, \"activity_regularizer\": null, \"kernel_constraint\": null, \"bias_constraint\": null}}, {\"class_name\": \"GlobalMaxPooling1D\", \"config\": {\"name\": \"global_max_pooling1d_9\", \"trainable\": true, \"dtype\": \"float32\", \"data_format\": \"channels_last\", \"keepdims\": false}}, {\"class_name\": \"BatchNormalization\", \"config\": {\"name\": \"batch_normalization_10\", \"trainable\": true, \"dtype\": \"float32\", \"axis\": [1], \"momentum\": 0.99, \"epsilon\": 0.001, \"center\": true, \"scale\": true, \"beta_initializer\": {\"class_name\": \"Zeros\", \"config\": {}}, \"gamma_initializer\": {\"class_name\": \"Ones\", \"config\": {}}, \"moving_mean_initializer\": {\"class_name\": \"Zeros\", \"config\": {}}, \"moving_variance_initializer\": {\"class_name\": \"Ones\", \"config\": {}}, \"beta_regularizer\": null, \"gamma_regularizer\": null, \"beta_constraint\": null, \"gamma_constraint\": null}}, {\"class_name\": \"Dropout\", \"config\": {\"name\": \"dropout_16\", \"trainable\": true, \"dtype\": \"float32\", \"rate\": 0.5, \"noise_shape\": null, \"seed\": null}}, {\"class_name\": \"Dense\", \"config\": {\"name\": \"dense_14\", \"trainable\": true, \"dtype\": \"float32\", \"units\": 3, \"activation\": \"relu\", \"use_bias\": true, \"kernel_initializer\": {\"class_name\": \"GlorotUniform\", \"config\": {\"seed\": null}}, \"bias_initializer\": {\"class_name\": \"Zeros\", \"config\": {}}, \"kernel_regularizer\": null, \"bias_regularizer\": null, \"activity_regularizer\": null, \"kernel_constraint\": null, \"bias_constraint\": null}}, {\"class_name\": \"Dropout\", \"config\": {\"name\": \"dropout_17\", \"trainable\": true, \"dtype\": \"float32\", \"rate\": 0.5, \"noise_shape\": null, \"seed\": null}}, {\"class_name\": \"BatchNormalization\", \"config\": {\"name\": \"batch_normalization_11\", \"trainable\": true, \"dtype\": \"float32\", \"axis\": [1], \"momentum\": 0.99, \"epsilon\": 0.001, \"center\": true, \"scale\": true, \"beta_initializer\": {\"class_name\": \"Zeros\", \"config\": {}}, \"gamma_initializer\": {\"class_name\": \"Ones\", \"config\": {}}, \"moving_mean_initializer\": {\"class_name\": \"Zeros\", \"config\": {}}, \"moving_variance_initializer\": {\"class_name\": \"Ones\", \"config\": {}}, \"beta_regularizer\": null, \"gamma_regularizer\": null, \"beta_constraint\": null, \"gamma_constraint\": null}}, {\"class_name\": \"Dropout\", \"config\": {\"name\": \"dropout_18\", \"trainable\": true, \"dtype\": \"float32\", \"rate\": 0.5, \"noise_shape\": null, \"seed\": null}}, {\"class_name\": \"Dense\", \"config\": {\"name\": \"dense_15\", \"trainable\": true, \"dtype\": \"float32\", \"units\": 1, \"activation\": \"relu\", \"use_bias\": true, \"kernel_initializer\": {\"class_name\": \"GlorotUniform\", \"config\": {\"seed\": null}}, \"bias_initializer\": {\"class_name\": \"Zeros\", \"config\": {}}, \"kernel_regularizer\": null, \"bias_regularizer\": null, \"activity_regularizer\": null, \"kernel_constraint\": null, \"bias_constraint\": null}}, {\"class_name\": \"Dropout\", \"config\": {\"name\": \"dropout_19\", \"trainable\": true, \"dtype\": \"float32\", \"rate\": 0.5, \"noise_shape\": null, \"seed\": null}}, {\"class_name\": \"BatchNormalization\", \"config\": {\"name\": \"batch_normalization_12\", \"trainable\": true, \"dtype\": \"float32\", \"axis\": [1], \"momentum\": 0.99, \"epsilon\": 0.001, \"center\": true, \"scale\": true, \"beta_initializer\": {\"class_name\": \"Zeros\", \"config\": {}}, \"gamma_initializer\": {\"class_name\": \"Ones\", \"config\": {}}, \"moving_mean_initializer\": {\"class_name\": \"Zeros\", \"config\": {}}, \"moving_variance_initializer\": {\"class_name\": \"Ones\", \"config\": {}}, \"beta_regularizer\": null, \"gamma_regularizer\": null, \"beta_constraint\": null, \"gamma_constraint\": null}}, {\"class_name\": \"Dropout\", \"config\": {\"name\": \"dropout_20\", \"trainable\": true, \"dtype\": \"float32\", \"rate\": 0.5, \"noise_shape\": null, \"seed\": null}}, {\"class_name\": \"Dense\", \"config\": {\"name\": \"dense_16\", \"trainable\": true, \"dtype\": \"float32\", \"units\": 3, \"activation\": \"softmax\", \"use_bias\": true, \"kernel_initializer\": {\"class_name\": \"GlorotUniform\", \"config\": {\"seed\": null}}, \"bias_initializer\": {\"class_name\": \"Zeros\", \"config\": {}}, \"kernel_regularizer\": null, \"bias_regularizer\": null, \"activity_regularizer\": null, \"kernel_constraint\": null, \"bias_constraint\": null}}]}, \"keras_version\": \"2.8.0\", \"backend\": \"tensorflow\"}", "Vocab size": 37237, "Embedding size": 30, "Max words": 500, "Epochs": 10, "Validation split:": 0.2, "Training time": 84.86883997917175}