{"Date": "27/04/2022", "Time": "13:46:44", "Name": "two_layer_cnn_256", "History": {"loss": [1.4672784805297852, 0.9538163542747498, 0.6883383393287659, 0.5226328372955322, 0.40939852595329285, 0.38322925567626953, 0.32289057970046997, 0.27864646911621094, 0.27652209997177124, 0.24673275649547577], "accuracy": [0.4464993476867676, 0.6082279682159424, 0.707114577293396, 0.7931685447692871, 0.8401585221290588, 0.8629930019378662, 0.8839403390884399, 0.9041328430175781, 0.9052651524543762, 0.9165880084037781], "val_loss": [1.022801399230957, 0.9578892588615417, 0.8278805613517761, 0.7091495990753174, 0.7314997911453247, 0.779643714427948, 0.8555735945701599, 0.8751676678657532, 0.9082556366920471, 0.9213196635246277], "val_accuracy": [0.4573584794998169, 0.4883018732070923, 0.5992453098297119, 0.6860377192497253, 0.7139622569084167, 0.703396201133728, 0.6958490610122681, 0.7056604027748108, 0.6966037750244141, 0.703396201133728]}, "Model": "{\"class_name\": \"Sequential\", \"config\": {\"name\": \"two_layer_cnn_256\", \"layers\": [{\"class_name\": \"InputLayer\", \"config\": {\"batch_input_shape\": [null, 500], \"dtype\": \"float32\", \"sparse\": false, \"ragged\": false, \"name\": \"embedding_133_input\"}}, {\"class_name\": \"Embedding\", \"config\": {\"name\": \"embedding_133\", \"trainable\": true, \"batch_input_shape\": [null, 500], \"dtype\": \"float32\", \"input_dim\": 37433, \"output_dim\": 30, \"embeddings_initializer\": {\"class_name\": \"RandomUniform\", \"config\": {\"minval\": -0.05, \"maxval\": 0.05, \"seed\": null}}, \"embeddings_regularizer\": null, \"activity_regularizer\": null, \"embeddings_constraint\": null, \"mask_zero\": false, \"input_length\": 500}}, {\"class_name\": \"Conv1D\", \"config\": {\"name\": \"conv1d_108\", \"trainable\": true, \"dtype\": \"float32\", \"filters\": 512, \"kernel_size\": [3], \"strides\": [1], \"padding\": \"valid\", \"data_format\": \"channels_last\", \"dilation_rate\": [1], \"groups\": 1, \"activation\": \"relu\", \"use_bias\": true, \"kernel_initializer\": {\"class_name\": \"GlorotUniform\", \"config\": {\"seed\": null}}, \"bias_initializer\": {\"class_name\": \"Zeros\", \"config\": {}}, \"kernel_regularizer\": null, \"bias_regularizer\": null, \"activity_regularizer\": null, \"kernel_constraint\": null, \"bias_constraint\": null}}, {\"class_name\": \"GlobalMaxPooling1D\", \"config\": {\"name\": \"global_max_pooling1d_106\", \"trainable\": true, \"dtype\": \"float32\", \"data_format\": \"channels_last\", \"keepdims\": false}}, {\"class_name\": \"BatchNormalization\", \"config\": {\"name\": \"batch_normalization_103\", \"trainable\": true, \"dtype\": \"float32\", \"axis\": [1], \"momentum\": 0.99, \"epsilon\": 0.001, \"center\": true, \"scale\": true, \"beta_initializer\": {\"class_name\": \"Zeros\", \"config\": {}}, \"gamma_initializer\": {\"class_name\": \"Ones\", \"config\": {}}, \"moving_mean_initializer\": {\"class_name\": \"Zeros\", \"config\": {}}, \"moving_variance_initializer\": {\"class_name\": \"Ones\", \"config\": {}}, \"beta_regularizer\": null, \"gamma_regularizer\": null, \"beta_constraint\": null, \"gamma_constraint\": null}}, {\"class_name\": \"Dropout\", \"config\": {\"name\": \"dropout_163\", \"trainable\": true, \"dtype\": \"float32\", \"rate\": 0.5, \"noise_shape\": null, \"seed\": null}}, {\"class_name\": \"Dense\", \"config\": {\"name\": \"dense_183\", \"trainable\": true, \"dtype\": \"float32\", \"units\": 256, \"activation\": \"relu\", \"use_bias\": true, \"kernel_initializer\": {\"class_name\": \"GlorotUniform\", \"config\": {\"seed\": null}}, \"bias_initializer\": {\"class_name\": \"Zeros\", \"config\": {}}, \"kernel_regularizer\": null, \"bias_regularizer\": null, \"activity_regularizer\": null, \"kernel_constraint\": null, \"bias_constraint\": null}}, {\"class_name\": \"Dropout\", \"config\": {\"name\": \"dropout_164\", \"trainable\": true, \"dtype\": \"float32\", \"rate\": 0.5, \"noise_shape\": null, \"seed\": null}}, {\"class_name\": \"BatchNormalization\", \"config\": {\"name\": \"batch_normalization_104\", \"trainable\": true, \"dtype\": \"float32\", \"axis\": [1], \"momentum\": 0.99, \"epsilon\": 0.001, \"center\": true, \"scale\": true, \"beta_initializer\": {\"class_name\": \"Zeros\", \"config\": {}}, \"gamma_initializer\": {\"class_name\": \"Ones\", \"config\": {}}, \"moving_mean_initializer\": {\"class_name\": \"Zeros\", \"config\": {}}, \"moving_variance_initializer\": {\"class_name\": \"Ones\", \"config\": {}}, \"beta_regularizer\": null, \"gamma_regularizer\": null, \"beta_constraint\": null, \"gamma_constraint\": null}}, {\"class_name\": \"Dropout\", \"config\": {\"name\": \"dropout_165\", \"trainable\": true, \"dtype\": \"float32\", \"rate\": 0.5, \"noise_shape\": null, \"seed\": null}}, {\"class_name\": \"Dense\", \"config\": {\"name\": \"dense_184\", \"trainable\": true, \"dtype\": \"float32\", \"units\": 3, \"activation\": \"softmax\", \"use_bias\": true, \"kernel_initializer\": {\"class_name\": \"GlorotUniform\", \"config\": {\"seed\": null}}, \"bias_initializer\": {\"class_name\": \"Zeros\", \"config\": {}}, \"kernel_regularizer\": null, \"bias_regularizer\": null, \"activity_regularizer\": null, \"kernel_constraint\": null, \"bias_constraint\": null}}]}, \"keras_version\": \"2.8.0\", \"backend\": \"tensorflow\"}", "Vocab size": 37433, "Embedding size": 30, "Max words": 500, "Epochs": 10, "Validation split:": 0.2, "Training time": 101.85810232162476}