{"Date": "27/04/2022", "Time": "10:57:15", "Name": "two_layer_cnn_5", "History": {"loss": [1.4617801904678345, 0.9625062942504883, 0.7313599586486816, 0.5933865904808044, 0.48037809133529663, 0.4114469885826111, 0.3717339038848877, 0.3157370686531067, 0.29846543073654175, 0.28159040212631226], "accuracy": [0.422721266746521, 0.5836950540542603, 0.6825816035270691, 0.757878839969635, 0.8144932985305786, 0.8429892659187317, 0.8580864071846008, 0.8911115527153015, 0.8982827067375183, 0.9045102596282959], "val_loss": [1.0184451341629028, 0.9747474789619446, 0.8539733290672302, 0.731988251209259, 0.7106109857559204, 0.7286189198493958, 0.7521030902862549, 0.8090833425521851, 0.8183881044387817, 0.795604944229126], "val_accuracy": [0.4573584794998169, 0.5116981267929077, 0.5607547163963318, 0.65509432554245, 0.6830188632011414, 0.703396201133728, 0.7139622569084167, 0.7101886868476868, 0.7147169709205627, 0.7215094566345215]}, "Model": "{\"class_name\": \"Sequential\", \"config\": {\"name\": \"two_layer_cnn_5\", \"layers\": [{\"class_name\": \"InputLayer\", \"config\": {\"batch_input_shape\": [null, 500], \"dtype\": \"float32\", \"sparse\": false, \"ragged\": false, \"name\": \"embedding_63_input\"}}, {\"class_name\": \"Embedding\", \"config\": {\"name\": \"embedding_63\", \"trainable\": true, \"batch_input_shape\": [null, 500], \"dtype\": \"float32\", \"input_dim\": 37433, \"output_dim\": 30, \"embeddings_initializer\": {\"class_name\": \"RandomUniform\", \"config\": {\"minval\": -0.05, \"maxval\": 0.05, \"seed\": null}}, \"embeddings_regularizer\": null, \"activity_regularizer\": null, \"embeddings_constraint\": null, \"mask_zero\": false, \"input_length\": 500}}, {\"class_name\": \"Conv1D\", \"config\": {\"name\": \"conv1d_39\", \"trainable\": true, \"dtype\": \"float32\", \"filters\": 512, \"kernel_size\": [3], \"strides\": [1], \"padding\": \"valid\", \"data_format\": \"channels_last\", \"dilation_rate\": [1], \"groups\": 1, \"activation\": \"relu\", \"use_bias\": true, \"kernel_initializer\": {\"class_name\": \"GlorotUniform\", \"config\": {\"seed\": null}}, \"bias_initializer\": {\"class_name\": \"Zeros\", \"config\": {}}, \"kernel_regularizer\": null, \"bias_regularizer\": null, \"activity_regularizer\": null, \"kernel_constraint\": null, \"bias_constraint\": null}}, {\"class_name\": \"GlobalMaxPooling1D\", \"config\": {\"name\": \"global_max_pooling1d_37\", \"trainable\": true, \"dtype\": \"float32\", \"data_format\": \"channels_last\", \"keepdims\": false}}, {\"class_name\": \"BatchNormalization\", \"config\": {\"name\": \"batch_normalization_21\", \"trainable\": true, \"dtype\": \"float32\", \"axis\": [1], \"momentum\": 0.99, \"epsilon\": 0.001, \"center\": true, \"scale\": true, \"beta_initializer\": {\"class_name\": \"Zeros\", \"config\": {}}, \"gamma_initializer\": {\"class_name\": \"Ones\", \"config\": {}}, \"moving_mean_initializer\": {\"class_name\": \"Zeros\", \"config\": {}}, \"moving_variance_initializer\": {\"class_name\": \"Ones\", \"config\": {}}, \"beta_regularizer\": null, \"gamma_regularizer\": null, \"beta_constraint\": null, \"gamma_constraint\": null}}, {\"class_name\": \"Dropout\", \"config\": {\"name\": \"dropout_33\", \"trainable\": true, \"dtype\": \"float32\", \"rate\": 0.5, \"noise_shape\": null, \"seed\": null}}, {\"class_name\": \"Dense\", \"config\": {\"name\": \"dense_66\", \"trainable\": true, \"dtype\": \"float32\", \"units\": 128, \"activation\": \"relu\", \"use_bias\": true, \"kernel_initializer\": {\"class_name\": \"GlorotUniform\", \"config\": {\"seed\": null}}, \"bias_initializer\": {\"class_name\": \"Zeros\", \"config\": {}}, \"kernel_regularizer\": null, \"bias_regularizer\": null, \"activity_regularizer\": null, \"kernel_constraint\": null, \"bias_constraint\": null}}, {\"class_name\": \"Dropout\", \"config\": {\"name\": \"dropout_34\", \"trainable\": true, \"dtype\": \"float32\", \"rate\": 0.5, \"noise_shape\": null, \"seed\": null}}, {\"class_name\": \"BatchNormalization\", \"config\": {\"name\": \"batch_normalization_22\", \"trainable\": true, \"dtype\": \"float32\", \"axis\": [1], \"momentum\": 0.99, \"epsilon\": 0.001, \"center\": true, \"scale\": true, \"beta_initializer\": {\"class_name\": \"Zeros\", \"config\": {}}, \"gamma_initializer\": {\"class_name\": \"Ones\", \"config\": {}}, \"moving_mean_initializer\": {\"class_name\": \"Zeros\", \"config\": {}}, \"moving_variance_initializer\": {\"class_name\": \"Ones\", \"config\": {}}, \"beta_regularizer\": null, \"gamma_regularizer\": null, \"beta_constraint\": null, \"gamma_constraint\": null}}, {\"class_name\": \"Dropout\", \"config\": {\"name\": \"dropout_35\", \"trainable\": true, \"dtype\": \"float32\", \"rate\": 0.5, \"noise_shape\": null, \"seed\": null}}, {\"class_name\": \"Dense\", \"config\": {\"name\": \"dense_67\", \"trainable\": true, \"dtype\": \"float32\", \"units\": 3, \"activation\": \"softmax\", \"use_bias\": true, \"kernel_initializer\": {\"class_name\": \"GlorotUniform\", \"config\": {\"seed\": null}}, \"bias_initializer\": {\"class_name\": \"Zeros\", \"config\": {}}, \"kernel_regularizer\": null, \"bias_regularizer\": null, \"activity_regularizer\": null, \"kernel_constraint\": null, \"bias_constraint\": null}}]}, \"keras_version\": \"2.8.0\", \"backend\": \"tensorflow\"}", "Vocab size": 37433, "Embedding size": 30, "Max words": 500, "Epochs": 10, "Validation split:": 0.2, "Training time": 105.89983916282654}